Race,Populatioin,State,County
All races,33610,Georgia,Lumpkin
White alone,31828,Georgia,Lumpkin
Black alone,585,Georgia,Lumpkin
American Indian and Alaska Native alone,257,Georgia,Lumpkin
Asian alone,268,Georgia,Lumpkin
Native Hawaiian and Other Pacific Islander alone,50,Georgia,Lumpkin
Two or more races,622,Georgia,Lumpkin
White alone or in combination,32391,Georgia,Lumpkin
Black alone or in combination,843,Georgia,Lumpkin
American Indian and Alaska Native alone or in combination,567,Georgia,Lumpkin
Asian alone or in combination,401,Georgia,Lumpkin
Native Hawaiian and Other Pacific Islander alone or in combination,76,Georgia,Lumpkin
All races,21312,Georgia,McDuffie
White alone,11858,Georgia,McDuffie
Black alone,8846,Georgia,McDuffie
American Indian and Alaska Native alone,92,Georgia,McDuffie
Asian alone,103,Georgia,McDuffie
Native Hawaiian and Other Pacific Islander alone,20,Georgia,McDuffie
Two or more races,393,Georgia,McDuffie
White alone or in combination,12218,Georgia,McDuffie
Black alone or in combination,9128,Georgia,McDuffie
American Indian and Alaska Native alone or in combination,190,Georgia,McDuffie
Asian alone or in combination,150,Georgia,McDuffie
Native Hawaiian and Other Pacific Islander alone or in combination,35,Georgia,McDuffie
Native Hawaiian and Other Pacific Islander alone,2,Georgia,Miller
All races,5718,Georgia,Miller
White alone,3942,Georgia,Miller
Black alone,1617,Georgia,Miller
American Indian and Alaska Native alone,27,Georgia,Miller
Asian alone,36,Georgia,Miller
Two or more races,94,Georgia,Miller
White alone or in combination,4025,Georgia,Miller
Black alone or in combination,1676,Georgia,Miller
American Indian and Alaska Native alone or in combination,63,Georgia,Miller
Asian alone or in combination,44,Georgia,Miller
Native Hawaiian and Other Pacific Islander alone or in combination,5,Georgia,Miller
American Indian and Alaska Native alone,43,Georgia,Bacon
All races,11164,Georgia,Bacon
White alone,9009,Georgia,Bacon
Black alone,1810,Georgia,Bacon
Asian alone,85,Georgia,Bacon
Native Hawaiian and Other Pacific Islander alone,20,Georgia,Bacon
Two or more races,197,Georgia,Bacon
Two or more races,22937,Georgia,Fulton
All races,1063937,Georgia,Fulton
White alone,483838,Georgia,Fulton
Black alone,473020,Georgia,Fulton
American Indian and Alaska Native alone,2910,Georgia,Fulton
Asian alone,80896,Georgia,Fulton
Native Hawaiian and Other Pacific Islander alone,336,Georgia,Fulton
White alone or in combination,501927,Georgia,Fulton
Black alone or in combination,487400,Georgia,Fulton
American Indian and Alaska Native alone or in combination,9133,Georgia,Fulton
Asian alone or in combination,89918,Georgia,Fulton
Native Hawaiian and Other Pacific Islander alone or in combination,1329,Georgia,Fulton
White alone or in combination,9199,Georgia,Bacon
Black alone or in combination,1962,Georgia,Bacon
American Indian and Alaska Native alone or in combination,81,Georgia,Bacon
Asian alone or in combination,101,Georgia,Bacon
Native Hawaiian and Other Pacific Islander alone or in combination,23,Georgia,Bacon
American Indian and Alaska Native alone,128,Georgia,Morgan
All races,19276,Georgia,Morgan
White alone,14497,Georgia,Morgan
Black alone,4207,Georgia,Morgan
Asian alone,131,Georgia,Morgan
Native Hawaiian and Other Pacific Islander alone,7,Georgia,Morgan
Two or more races,306,Georgia,Morgan
White alone or in combination,14765,Georgia,Morgan
Native Hawaiian and Other Pacific Islander alone or in combination,22,Georgia,Morgan
Black alone or in combination,4392,Georgia,Morgan
American Indian and Alaska Native alone or in combination,240,Georgia,Morgan
Asian alone or in combination,180,Georgia,Morgan
Native Hawaiian and Other Pacific Islander alone,116,Georgia,Murray
All races,40096,Georgia,Murray
White alone,38352,Georgia,Murray
Black alone,497,Georgia,Murray
American Indian and Alaska Native alone,403,Georgia,Murray
Asian alone,213,Georgia,Murray
Two or more races,515,Georgia,Murray
White alone or in combination,38804,Georgia,Murray
Black alone or in combination,763,Georgia,Murray
American Indian and Alaska Native alone or in combination,630,Georgia,Murray
Asian alone or in combination,288,Georgia,Murray
Native Hawaiian and Other Pacific Islander alone or in combination,144,Georgia,Murray
American Indian and Alaska Native alone,61,Georgia,Heard
All races,11923,Georgia,Heard
White alone,10362,Georgia,Heard
Black alone,1164,Georgia,Heard
Asian alone,65,Georgia,Heard
Native Hawaiian and Other Pacific Islander alone,2,Georgia,Heard
Two or more races,269,Georgia,Heard
White alone or in combination,10617,Georgia,Heard
Black alone or in combination,1323,Georgia,Heard
American Indian and Alaska Native alone or in combination,160,Georgia,Heard
Asian alone or in combination,97,Georgia,Heard
Native Hawaiian and Other Pacific Islander alone or in combination,6,Georgia,Heard
American Indian and Alaska Native alone,55,Georgia,Hart
All races,26205,Georgia,Hart
White alone,20400,Georgia,Hart
Black alone,5003,Georgia,Hart
Asian alone,302,Georgia,Hart
Native Hawaiian and Other Pacific Islander alone,9,Georgia,Hart
Two or more races,436,Georgia,Hart
White alone or in combination,20805,Georgia,Hart
Black alone or in combination,5328,Georgia,Hart
American Indian and Alaska Native alone or in combination,165,Georgia,Hart
Asian alone or in combination,349,Georgia,Hart
Native Hawaiian and Other Pacific Islander alone or in combination,15,Georgia,Hart
Asian alone,1354,Georgia,Newton
All races,40280,Georgia,Oconee
White alone,35535,Georgia,Oconee
All races,111744,Georgia,Newton
White alone,53951,Georgia,Newton
Black alone,53322,Georgia,Newton
American Indian and Alaska Native alone,538,Georgia,Newton
Native Hawaiian and Other Pacific Islander alone,121,Georgia,Newton
Two or more races,2458,Georgia,Newton
White alone or in combination,56085,Georgia,Newton
Black alone or in combination,55048,Georgia,Newton
American Indian and Alaska Native alone or in combination,1213,Georgia,Newton
Asian alone or in combination,1850,Georgia,Newton
Black alone,2089,Georgia,Oconee
American Indian and Alaska Native alone,123,Georgia,Oconee
Asian alone,1684,Georgia,Oconee
Native Hawaiian and Other Pacific Islander alone,26,Georgia,Oconee
Two or more races,823,Georgia,Oconee
White alone or in combination,36274,Georgia,Oconee
Black alone or in combination,2479,Georgia,Oconee
American Indian and Alaska Native alone or in combination,353,Georgia,Oconee
Asian alone or in combination,1991,Georgia,Oconee
Two or more races,1173,Georgia,Dougherty
Native Hawaiian and Other Pacific Islander alone or in combination,257,Georgia,Newton
Native Hawaiian and Other Pacific Islander alone or in combination,73,Georgia,Oconee
All races,87956,Georgia,Dougherty
White alone,23093,Georgia,Dougherty
Black alone,62425,Georgia,Dougherty
American Indian and Alaska Native alone,255,Georgia,Dougherty
Asian alone,821,Georgia,Dougherty
Native Hawaiian and Other Pacific Islander alone,189,Georgia,Dougherty
White alone or in combination,23999,Georgia,Dougherty
Black alone or in combination,63232,Georgia,Dougherty
American Indian and Alaska Native alone or in combination,603,Georgia,Dougherty
Asian alone or in combination,1090,Georgia,Dougherty
Native Hawaiian and Other Pacific Islander alone or in combination,263,Georgia,Dougherty
American Indian and Alaska Native alone,38,Georgia,Dooly
All races,13390,Georgia,Dooly
White alone,6383,Georgia,Dooly
Black alone,6719,Georgia,Dooly
Asian alone,101,Georgia,Dooly
Native Hawaiian and Other Pacific Islander alone,11,Georgia,Dooly
Two or more races,138,Georgia,Dooly
Two or more races,341,Georgia,Fannin
All races,26188,Georgia,Fannin
White alone,25317,Georgia,Fannin
Black alone,234,Georgia,Fannin
American Indian and Alaska Native alone,113,Georgia,Fannin
Asian alone,170,Georgia,Fannin
Native Hawaiian and Other Pacific Islander alone,13,Georgia,Fannin
White alone or in combination,25636,Georgia,Fannin
Black alone or in combination,341,Georgia,Fannin
American Indian and Alaska Native alone or in combination,312,Georgia,Fannin
Asian alone or in combination,223,Georgia,Fannin
Native Hawaiian and Other Pacific Islander alone or in combination,20,Georgia,Fannin
White alone or in combination,6507,Georgia,Dooly
Black alone or in combination,6795,Georgia,Dooly
American Indian and Alaska Native alone or in combination,85,Georgia,Dooly
Asian alone or in combination,123,Georgia,Dooly
Native Hawaiian and Other Pacific Islander alone or in combination,21,Georgia,Dooly
American Indian and Alaska Native alone,880,Georgia,Henry
All races,234561,Georgia,Henry
White alone,105865,Georgia,Henry
Black alone,113483,Georgia,Henry
Asian alone,7991,Georgia,Henry
Native Hawaiian and Other Pacific Islander alone,276,Georgia,Henry
Two or more races,6066,Georgia,Henry
White alone or in combination,110951,Georgia,Henry
Black alone or in combination,117657,Georgia,Henry
American Indian and Alaska Native alone or in combination,2543,Georgia,Henry
Asian alone or in combination,9788,Georgia,Henry
Native Hawaiian and Other Pacific Islander alone or in combination,587,Georgia,Henry
American Indian and Alaska Native alone,707,Georgia,Houston
All races,157863,Georgia,Houston
White alone,94969,Georgia,Houston
Black alone,51923,Georgia,Houston
Asian alone,5270,Georgia,Houston
Native Hawaiian and Other Pacific Islander alone,311,Georgia,Houston
Two or more races,4683,Georgia,Houston
White alone or in combination,99083,Georgia,Houston
Native Hawaiian and Other Pacific Islander alone or in combination,510,Georgia,Houston
Black alone or in combination,54554,Georgia,Houston
American Indian and Alaska Native alone or in combination,1904,Georgia,Houston
Asian alone or in combination,7061,Georgia,Houston
American Indian and Alaska Native alone,182,Georgia,Laurens
All races,47546,Georgia,Laurens
White alone,28360,Georgia,Laurens
Black alone,17832,Georgia,Laurens
Asian alone,550,Georgia,Laurens
Native Hawaiian and Other Pacific Islander alone,15,Georgia,Laurens
Two or more races,607,Georgia,Laurens
White alone or in combination,28908,Georgia,Laurens
Black alone or in combination,18241,Georgia,Laurens
American Indian and Alaska Native alone or in combination,353,Georgia,Laurens
Asian alone or in combination,634,Georgia,Laurens
Native Hawaiian and Other Pacific Islander alone or in combination,44,Georgia,Laurens
American Indian and Alaska Native alone,104,Georgia,Lee
All races,29992,Georgia,Lee
White alone,21698,Georgia,Lee
Black alone,6969,Georgia,Lee
Asian alone,775,Georgia,Lee
Native Hawaiian and Other Pacific Islander alone,29,Georgia,Lee
Two or more races,417,Georgia,Lee
White alone or in combination,22060,Georgia,Lee
Black alone or in combination,7205,Georgia,Lee
American Indian and Alaska Native alone or in combination,243,Georgia,Lee
Asian alone or in combination,879,Georgia,Lee
Native Hawaiian and Other Pacific Islander alone or in combination,48,Georgia,Lee
American Indian and Alaska Native alone,172,Georgia,Long
All races,19559,Georgia,Long
White alone,12838,Georgia,Long
Black alone,5380,Georgia,Long
Asian alone,258,Georgia,Long
Native Hawaiian and Other Pacific Islander alone,83,Georgia,Long
Two or more races,828,Georgia,Long
White alone or in combination,13560,Georgia,Long
Black alone or in combination,5902,Georgia,Long
American Indian and Alaska Native alone or in combination,392,Georgia,Long
Asian alone or in combination,490,Georgia,Long
Native Hawaiian and Other Pacific Islander alone or in combination,146,Georgia,Long
American Indian and Alaska Native alone,46,Georgia,Lincoln
All races,7921,Georgia,Lincoln
White alone,5408,Georgia,Lincoln
Black alone,2292,Georgia,Lincoln
Asian alone,39,Georgia,Lincoln
Native Hawaiian and Other Pacific Islander alone,5,Georgia,Lincoln
Two or more races,131,Georgia,Lincoln
White alone or in combination,5517,Georgia,Lincoln
Black alone or in combination,2357,Georgia,Lincoln
American Indian and Alaska Native alone or in combination,108,Georgia,Lincoln
Asian alone or in combination,71,Georgia,Lincoln
Native Hawaiian and Other Pacific Islander alone or in combination,8,Georgia,Lincoln
American Indian and Alaska Native alone,329,Georgia,Spalding
All races,66703,Georgia,Spalding
White alone,41041,Georgia,Spalding
Black alone,23294,Georgia,Spalding
Asian alone,692,Georgia,Spalding
Asian alone,220,Georgia,Stephens
All races,25925,Georgia,Stephens
White alone,22041,Georgia,Stephens
Black alone,2847,Georgia,Stephens
American Indian and Alaska Native alone,145,Georgia,Stephens
Native Hawaiian and Other Pacific Islander alone,22,Georgia,Stephens
Two or more races,650,Georgia,Stephens
White alone or in combination,22631,Georgia,Stephens
Black alone or in combination,3332,Georgia,Stephens
American Indian and Alaska Native alone or in combination,289,Georgia,Stephens
Asian alone or in combination,300,Georgia,Stephens
Native Hawaiian and Other Pacific Islander alone or in combination,45,Georgia,Stephens
Native Hawaiian and Other Pacific Islander alone,68,Georgia,Spalding
Two or more races,1279,Georgia,Spalding
White alone or in combination,42175,Georgia,Spalding
Black alone or in combination,24111,Georgia,Spalding
American Indian and Alaska Native alone or in combination,731,Georgia,Spalding
Asian alone or in combination,934,Georgia,Spalding
Native Hawaiian and Other Pacific Islander alone or in combination,145,Georgia,Spalding
American Indian and Alaska Native alone,59,Georgia,Telfair
All races,15860,Georgia,Telfair
White alone,9609,Georgia,Telfair
Black alone,5853,Georgia,Telfair
Asian alone,111,Georgia,Telfair
Native Hawaiian and Other Pacific Islander alone,11,Georgia,Telfair
Two or more races,217,Georgia,Telfair
White alone or in combination,9782,Georgia,Telfair
Black alone or in combination,5993,Georgia,Telfair
American Indian and Alaska Native alone or in combination,127,Georgia,Telfair
Asian alone or in combination,158,Georgia,Telfair
Native Hawaiian and Other Pacific Islander alone or in combination,30,Georgia,Telfair
American Indian and Alaska Native alone,24,Georgia,Taylor
All races,8020,Georgia,Taylor
White alone,4795,Georgia,Taylor
Black alone,3019,Georgia,Taylor
Asian alone,70,Georgia,Taylor
Native Hawaiian and Other Pacific Islander alone,1,Georgia,Taylor
Two or more races,111,Georgia,Taylor
Asian alone or in combination,92,Georgia,Taylor
White alone or in combination,4894,Georgia,Taylor
Black alone or in combination,3090,Georgia,Taylor
American Indian and Alaska Native alone or in combination,56,Georgia,Taylor
Native Hawaiian and Other Pacific Islander alone or in combination,4,Georgia,Taylor
American Indian and Alaska Native alone,127,Georgia,Union
All races,24511,Georgia,Union
White alone,23736,Georgia,Union
Black alone,213,Georgia,Union
Asian alone,119,Georgia,Union
Native Hawaiian and Other Pacific Islander alone,6,Georgia,Union
Two or more races,310,Georgia,Union
White alone or in combination,24024,Georgia,Union
Black alone or in combination,296,Georgia,Union
American Indian and Alaska Native alone or in combination,312,Georgia,Union
Asian alone or in combination,182,Georgia,Union
Asian alone,27,Georgia,Twiggs
All races,8120,Georgia,Twiggs
White alone,4608,Georgia,Twiggs
Black alone,3303,Georgia,Twiggs
American Indian and Alaska Native alone,36,Georgia,Twiggs
Black alone or in combination,3388,Georgia,Twiggs
Native Hawaiian and Other Pacific Islander alone,3,Georgia,Twiggs
Two or more races,143,Georgia,Twiggs
White alone or in combination,4746,Georgia,Twiggs
American Indian and Alaska Native alone or in combination,80,Georgia,Twiggs
Asian alone or in combination,48,Georgia,Twiggs
Native Hawaiian and Other Pacific Islander alone or in combination,6,Georgia,Twiggs
Native Hawaiian and Other Pacific Islander alone or in combination,20,Georgia,Union
American Indian and Alaska Native alone,128,Georgia,Upson
All races,26320,Georgia,Upson
White alone,18093,Georgia,Upson
Black alone,7488,Georgia,Upson
Asian alone,171,Georgia,Upson
Native Hawaiian and Other Pacific Islander alone,18,Georgia,Upson
Two or more races,422,Georgia,Upson
White alone or in combination,18475,Georgia,Upson
Black alone or in combination,7746,Georgia,Upson
American Indian and Alaska Native alone or in combination,251,Georgia,Upson
Asian alone or in combination,238,Georgia,Upson
Native Hawaiian and Other Pacific Islander alone or in combination,35,Georgia,Upson
American Indian and Alaska Native alone,285,Georgia,Walker
All races,69761,Georgia,Walker
White alone,64671,Georgia,Walker
Black alone,3060,Georgia,Walker
Asian alone,530,Georgia,Walker
Native Hawaiian and Other Pacific Islander alone,39,Georgia,Walker
Two or more races,1176,Georgia,Walker
Asian alone or in combination,673,Georgia,Walker
White alone or in combination,65781,Georgia,Walker
Black alone or in combination,3759,Georgia,Walker
American Indian and Alaska Native alone or in combination,677,Georgia,Walker
Native Hawaiian and Other Pacific Islander alone or in combination,73,Georgia,Walker
Native Hawaiian and Other Pacific Islander alone,3,Georgia,Washington
All races,20374,Georgia,Washington
White alone,8986,Georgia,Washington
Black alone,10966,Georgia,Washington
American Indian and Alaska Native alone,37,Georgia,Washington
Asian alone,125,Georgia,Washington
Two or more races,257,Georgia,Washington
White alone or in combination,9214,Georgia,Washington
Black alone or in combination,11146,Georgia,Washington
American Indian and Alaska Native alone or in combination,97,Georgia,Washington
Asian alone or in combination,170,Georgia,Washington
Native Hawaiian and Other Pacific Islander alone or in combination,10,Georgia,Washington
White alone or in combination,29770,Georgia,White
All races,29927,Georgia,Wayne
White alone,22824,Georgia,Wayne
All races,30798,Georgia,White
White alone,29283,Georgia,White
Black alone,625,Georgia,White
American Indian and Alaska Native alone,172,Georgia,White
Asian alone,170,Georgia,White
Native Hawaiian and Other Pacific Islander alone,30,Georgia,White
Two or more races,518,Georgia,White
Black alone or in combination,871,Georgia,White
American Indian and Alaska Native alone or in combination,412,Georgia,White
Asian alone or in combination,224,Georgia,White
Native Hawaiian and Other Pacific Islander alone or in combination,46,Georgia,White
Black alone,6032,Georgia,Wayne
American Indian and Alaska Native alone,186,Georgia,Wayne
Asian alone,231,Georgia,Wayne
Native Hawaiian and Other Pacific Islander alone,32,Georgia,Wayne
Two or more races,622,Georgia,Wayne
White alone or in combination,23378,Georgia,Wayne
Black alone or in combination,6429,Georgia,Wayne
American Indian and Alaska Native alone or in combination,366,Georgia,Wayne
Asian alone or in combination,335,Georgia,Wayne
Native Hawaiian and Other Pacific Islander alone or in combination,63,Georgia,Wayne
American Indian and Alaska Native alone,8,Georgia,Wheeler
All races,7855,Georgia,Wheeler
White alone,4748,Georgia,Wheeler
Black alone,2967,Georgia,Wheeler
Asian alone,30,Georgia,Wheeler
Native Hawaiian and Other Pacific Islander alone,3,Georgia,Wheeler
Two or more races,99,Georgia,Wheeler
White alone or in combination,4837,Georgia,Wheeler
Black alone or in combination,3031,Georgia,Wheeler
American Indian and Alaska Native alone or in combination,36,Georgia,Wheeler
Asian alone or in combination,45,Georgia,Wheeler
Native Hawaiian and Other Pacific Islander alone or in combination,5,Georgia,Wheeler
American Indian and Alaska Native alone,137,Georgia,Peach
All races,27546,Georgia,Peach
White alone,14283,Georgia,Peach
Black alone,12239,Georgia,Peach
Asian alone,304,Georgia,Peach
Native Hawaiian and Other Pacific Islander alone,23,Georgia,Peach
Two or more races,560,Georgia,Peach
White alone or in combination,14754,Georgia,Peach
Black alone or in combination,12597,Georgia,Peach
American Indian and Alaska Native alone or in combination,331,Georgia,Peach
Asian alone or in combination,423,Georgia,Peach
Native Hawaiian and Other Pacific Islander alone or in combination,57,Georgia,Peach
American Indian and Alaska Native alone,177,Georgia,Pickens
All races,32591,Georgia,Pickens
White alone,31274,Georgia,Pickens
Black alone,424,Georgia,Pickens
Asian alone,252,Georgia,Pickens
Native Hawaiian and Other Pacific Islander alone,18,Georgia,Pickens
Two or more races,446,Georgia,Pickens
White alone or in combination,31683,Georgia,Pickens
Black alone or in combination,618,Georgia,Pickens
American Indian and Alaska Native alone or in combination,400,Georgia,Pickens
Asian alone or in combination,315,Georgia,Pickens
Native Hawaiian and Other Pacific Islander alone or in combination,40,Georgia,Pickens
American Indian and Alaska Native alone,696,Georgia,Paulding
All races,168667,Georgia,Paulding
White alone,124861,Georgia,Paulding
Black alone,36886,Georgia,Paulding
Asian alone,2071,Georgia,Paulding
Native Hawaiian and Other Pacific Islander alone,149,Georgia,Paulding
Two or more races,4004,Georgia,Paulding
White alone or in combination,128477,Georgia,Paulding
Black alone or in combination,39359,Georgia,Paulding
Black alone,2634,Georgia,Oglethorpe
American Indian and Alaska Native alone or in combination,1872,Georgia,Paulding
Asian alone or in combination,3100,Georgia,Paulding
Native Hawaiian and Other Pacific Islander alone or in combination,334,Georgia,Paulding
All races,15259,Georgia,Oglethorpe
White alone,12122,Georgia,Oglethorpe
American Indian and Alaska Native alone,59,Georgia,Oglethorpe
Asian alone,159,Georgia,Oglethorpe
Native Hawaiian and Other Pacific Islander alone,7,Georgia,Oglethorpe
Two or more races,278,Georgia,Oglethorpe
White alone or in combination,12379,Georgia,Oglethorpe
Black alone or in combination,2813,Georgia,Oglethorpe
Black alone,1719,Georgia,Pierce
American Indian and Alaska Native alone or in combination,146,Georgia,Oglethorpe
Asian alone or in combination,185,Georgia,Oglethorpe
Native Hawaiian and Other Pacific Islander alone or in combination,19,Georgia,Oglethorpe
All races,19465,Georgia,Pierce
White alone,17126,Georgia,Pierce
American Indian and Alaska Native alone,172,Georgia,Pierce
Asian alone,125,Georgia,Pierce
Native Hawaiian and Other Pacific Islander alone,16,Georgia,Pierce
Two or more races,307,Georgia,Pierce
White alone or in combination,17391,Georgia,Pierce
Black alone or in combination,1901,Georgia,Pierce
American Indian and Alaska Native alone or in combination,290,Georgia,Pierce
Asian alone or in combination,186,Georgia,Pierce
Native Hawaiian and Other Pacific Islander alone or in combination,26,Georgia,Pierce
American Indian and Alaska Native alone,384,Georgia,Polk
All races,18962,Georgia,Pike
White alone,16786,Georgia,Pike
Black alone,1739,Georgia,Pike
All races,42613,Georgia,Polk
White alone,35547,Georgia,Polk
Black alone,5448,Georgia,Polk
Asian alone,325,Georgia,Polk
Native Hawaiian and Other Pacific Islander alone,92,Georgia,Polk
Two or more races,817,Georgia,Polk
White alone or in combination,36296,Georgia,Polk
Black alone or in combination,6037,Georgia,Polk
American Indian and Alaska Native alone or in combination,611,Georgia,Polk
Asian alone or in combination,412,Georgia,Polk
Native Hawaiian and Other Pacific Islander alone or in combination,115,Georgia,Polk
American Indian and Alaska Native alone,61,Georgia,Pike
Asian alone,90,Georgia,Pike
Native Hawaiian and Other Pacific Islander alone,6,Georgia,Pike
Two or more races,280,Georgia,Pike
White alone or in combination,17029,Georgia,Pike
Black alone or in combination,1895,Georgia,Pike
American Indian and Alaska Native alone or in combination,171,Georgia,Pike
Asian alone or in combination,141,Georgia,Pike
Native Hawaiian and Other Pacific Islander alone or in combination,21,Georgia,Pike
American Indian and Alaska Native alone,860,Georgia,Richmond
All races,202518,Georgia,Richmond
White alone,75227,Georgia,Richmond
Black alone,116947,Georgia,Richmond
Asian alone,3545,Georgia,Richmond
Native Hawaiian and Other Pacific Islander alone,471,Georgia,Richmond
Two or more races,5468,Georgia,Richmond
White alone or in combination,79747,Georgia,Richmond
Black alone or in combination,120651,Georgia,Richmond
American Indian and Alaska Native alone or in combination,2296,Georgia,Richmond
Asian alone or in combination,5268,Georgia,Richmond
Native Hawaiian and Other Pacific Islander alone or in combination,833,Georgia,Richmond
American Indian and Alaska Native alone,491,Georgia,Rockdale
All races,90896,Georgia,Rockdale
White alone,33619,Georgia,Rockdale
Black alone,52824,Georgia,Rockdale
Asian alone,1716,Georgia,Rockdale
Native Hawaiian and Other Pacific Islander alone,168,Georgia,Rockdale
Two or more races,2078,Georgia,Rockdale
White alone or in combination,35278,Georgia,Rockdale
Black alone or in combination,54318,Georgia,Rockdale
American Indian and Alaska Native alone or in combination,1065,Georgia,Rockdale
Asian alone or in combination,2275,Georgia,Rockdale
Native Hawaiian and Other Pacific Islander alone or in combination,316,Georgia,Rockdale
American Indian and Alaska Native alone,64,Georgia,Screven
All races,13966,Georgia,Screven
White alone,7893,Georgia,Screven
Black alone,5720,Georgia,Screven
Asian alone,91,Georgia,Screven
Native Hawaiian and Other Pacific Islander alone,3,Georgia,Screven
Two or more races,195,Georgia,Screven
White alone or in combination,8058,Georgia,Screven
Black alone or in combination,5833,Georgia,Screven
American Indian and Alaska Native alone or in combination,131,Georgia,Screven
Asian alone or in combination,131,Georgia,Screven
Native Hawaiian and Other Pacific Islander alone or in combination,17,Georgia,Screven
American Indian and Alaska Native alone,28,Georgia,Seminole
All races,8090,Georgia,Seminole
White alone,5188,Georgia,Seminole
Black alone,2681,Georgia,Seminole
Asian alone,65,Georgia,Seminole
Native Hawaiian and Other Pacific Islander alone,2,Georgia,Seminole
Two or more races,126,Georgia,Seminole
White alone or in combination,5304,Georgia,Seminole
Black alone or in combination,2755,Georgia,Seminole
Asian alone,168,Georgia,Tattnall
American Indian and Alaska Native alone or in combination,72,Georgia,Seminole
Asian alone or in combination,86,Georgia,Seminole
Native Hawaiian and Other Pacific Islander alone or in combination,7,Georgia,Seminole
All races,25286,Georgia,Tattnall
White alone,16998,Georgia,Tattnall
Black alone,7459,Georgia,Tattnall
American Indian and Alaska Native alone,168,Georgia,Tattnall
Native Hawaiian and Other Pacific Islander alone,43,Georgia,Tattnall
Two or more races,450,Georgia,Tattnall
Two or more races,35,Georgia,Taliaferro
All races,1537,Georgia,Taliaferro
White alone,632,Georgia,Taliaferro
Black alone,847,Georgia,Taliaferro
American Indian and Alaska Native alone,3,Georgia,Taliaferro
Asian alone,20,Georgia,Taliaferro
Native Hawaiian and Other Pacific Islander alone,0,Georgia,Taliaferro
White alone or in combination,664,Georgia,Taliaferro
Black alone or in combination,872,Georgia,Taliaferro
American Indian and Alaska Native alone or in combination,10,Georgia,Taliaferro
Asian alone or in combination,26,Georgia,Taliaferro
Native Hawaiian and Other Pacific Islander alone or in combination,2,Georgia,Taliaferro
White alone or in combination,17406,Georgia,Tattnall
Black alone or in combination,7757,Georgia,Tattnall
American Indian and Alaska Native alone or in combination,302,Georgia,Tattnall
Asian alone or in combination,227,Georgia,Tattnall
Native Hawaiian and Other Pacific Islander alone or in combination,61,Georgia,Tattnall
American Indian and Alaska Native alone,79,Georgia,Berrien
All races,19397,Georgia,Berrien
White alone,16641,Georgia,Berrien
Black alone,2164,Georgia,Berrien
Asian alone,240,Georgia,Berrien
Native Hawaiian and Other Pacific Islander alone,12,Georgia,Berrien
Two or more races,261,Georgia,Berrien
White alone or in combination,16884,Georgia,Berrien
Black alone or in combination,2309,Georgia,Berrien
American Indian and Alaska Native alone or in combination,159,Georgia,Berrien
Asian alone or in combination,287,Georgia,Berrien
Native Hawaiian and Other Pacific Islander alone or in combination,24,Georgia,Berrien
American Indian and Alaska Native alone,436,Georgia,Bibb
All races,153159,Georgia,Bibb
White alone,61227,Georgia,Bibb
Black alone,85466,Georgia,Bibb
Asian alone,3388,Georgia,Bibb
Native Hawaiian and Other Pacific Islander alone,195,Georgia,Bibb
Two or more races,2447,Georgia,Bibb
White alone or in combination,63218,Georgia,Bibb
Black alone or in combination,87068,Georgia,Bibb
American Indian and Alaska Native alone or in combination,1058,Georgia,Bibb
American Indian and Alaska Native alone,7938,Georgia,Gwinnett
Asian alone or in combination,4034,Georgia,Bibb
Native Hawaiian and Other Pacific Islander alone or in combination,379,Georgia,Bibb
All races,936250,Georgia,Gwinnett
White alone,503771,Georgia,Gwinnett
Black alone,278745,Georgia,Gwinnett
Asian alone,117464,Georgia,Gwinnett
Native Hawaiian and Other Pacific Islander alone,914,Georgia,Gwinnett
Two or more races,27418,Georgia,Gwinnett
White alone or in combination,526815,Georgia,Gwinnett
Black alone or in combination,295857,Georgia,Gwinnett
Black alone,6021,Georgia,Greene
American Indian and Alaska Native alone or in combination,14930,Georgia,Gwinnett
Asian alone or in combination,127333,Georgia,Gwinnett
Native Hawaiian and Other Pacific Islander alone or in combination,2200,Georgia,Gwinnett
All races,18324,Georgia,Greene
White alone,11585,Georgia,Greene
American Indian and Alaska Native alone,215,Georgia,Greene
Asian alone,218,Georgia,Greene
Native Hawaiian and Other Pacific Islander alone,24,Georgia,Greene
Two or more races,261,Georgia,Greene
White alone or in combination,11816,Georgia,Greene
Black alone or in combination,6184,Georgia,Greene
American Indian and Alaska Native alone or in combination,303,Georgia,Greene
Asian alone or in combination,262,Georgia,Greene
Native Hawaiian and Other Pacific Islander alone or in combination,33,Georgia,Greene
American Indian and Alaska Native alone,466,Georgia,Barrow
All races,83240,Georgia,Barrow
White alone,66554,Georgia,Barrow
Black alone,10725,Georgia,Barrow
Asian alone,3332,Georgia,Barrow
Native Hawaiian and Other Pacific Islander alone,81,Georgia,Barrow
Two or more races,2082,Georgia,Barrow
White alone or in combination,68491,Georgia,Barrow
Black alone or in combination,11930,Georgia,Barrow
American Indian and Alaska Native alone or in combination,1023,Georgia,Barrow
Asian alone or in combination,3751,Georgia,Barrow
Native Hawaiian and Other Pacific Islander alone or in combination,166,Georgia,Barrow
Native Hawaiian and Other Pacific Islander alone,11,Georgia,Charlton
All races,13392,Georgia,Charlton
White alone,8630,Georgia,Charlton
Black alone,4038,Georgia,Charlton
American Indian and Alaska Native alone,349,Georgia,Charlton
Asian alone,110,Georgia,Charlton
Two or more races,254,Georgia,Charlton
White alone or in combination,8859,Georgia,Charlton
Black alone or in combination,4180,Georgia,Charlton
American Indian and Alaska Native alone or in combination,439,Georgia,Charlton
Asian alone or in combination,151,Georgia,Charlton
Native Hawaiian and Other Pacific Islander alone or in combination,18,Georgia,Charlton
American Indian and Alaska Native alone,1065,Georgia,Chatham
All races,289430,Georgia,Chatham
White alone,153523,Georgia,Chatham
Black alone,119154,Georgia,Chatham
Asian alone,8532,Georgia,Chatham
Native Hawaiian and Other Pacific Islander alone,381,Georgia,Chatham
Two or more races,6775,Georgia,Chatham
White alone or in combination,159305,Georgia,Chatham
Black alone or in combination,123248,Georgia,Chatham
American Indian and Alaska Native alone or in combination,2774,Georgia,Chatham
Asian alone or in combination,10754,Georgia,Chatham
Native Hawaiian and Other Pacific Islander alone or in combination,742,Georgia,Chatham
American Indian and Alaska Native alone,60,Georgia,Clinch
All races,6618,Georgia,Clinch
White alone,4573,Georgia,Clinch
Black alone,1825,Georgia,Clinch
Asian alone,24,Georgia,Clinch
Native Hawaiian and Other Pacific Islander alone,7,Georgia,Clinch
American Indian and Alaska Native alone or in combination,92,Georgia,Clinch
Two or more races,129,Georgia,Clinch
White alone or in combination,4695,Georgia,Clinch
Black alone or in combination,1918,Georgia,Clinch
Asian alone or in combination,33,Georgia,Clinch
Native Hawaiian and Other Pacific Islander alone or in combination,9,Georgia,Clinch
American Indian and Alaska Native alone,3786,Georgia,Cobb
All races,760141,Georgia,Cobb
White alone,474248,Georgia,Cobb
Black alone,218974,Georgia,Cobb
Asian alone,42561,Georgia,Cobb
Native Hawaiian and Other Pacific Islander alone,512,Georgia,Cobb
Two or more races,20060,Georgia,Cobb
White alone or in combination,491549,Georgia,Cobb
Black alone or in combination,231519,Georgia,Cobb
Black alone,12224,Georgia,Bartow
American Indian and Alaska Native alone or in combination,8587,Georgia,Cobb
Asian alone or in combination,49220,Georgia,Cobb
Native Hawaiian and Other Pacific Islander alone or in combination,1276,Georgia,Cobb
All races,107738,Georgia,Bartow
White alone,91431,Georgia,Bartow
American Indian and Alaska Native alone,625,Georgia,Bartow
Asian alone,1115,Georgia,Bartow
Native Hawaiian and Other Pacific Islander alone,116,Georgia,Bartow
Two or more races,2227,Georgia,Bartow
White alone or in combination,93521,Georgia,Bartow
Black alone or in combination,13440,Georgia,Bartow
American Indian and Alaska Native alone or in combination,1355,Georgia,Bartow
Asian alone or in combination,1509,Georgia,Bartow
Native Hawaiian and Other Pacific Islander alone or in combination,201,Georgia,Bartow
American Indian and Alaska Native alone,113,Georgia,Ben Hill
All races,16700,Georgia,Ben Hill
White alone,10021,Georgia,Ben Hill
Black alone,6181,Georgia,Ben Hill
Asian alone,142,Georgia,Ben Hill
Native Hawaiian and Other Pacific Islander alone,9,Georgia,Ben Hill
Two or more races,234,Georgia,Ben Hill
White alone or in combination,10236,Georgia,Ben Hill
Black alone or in combination,6316,Georgia,Ben Hill
Asian alone,2411,Georgia,Douglas
All races,146343,Georgia,Douglas
White alone,66426,Georgia,Douglas
Black alone,72720,Georgia,Douglas
American Indian and Alaska Native alone,736,Georgia,Douglas
Native Hawaiian and Other Pacific Islander alone,250,Georgia,Douglas
Two or more races,3800,Georgia,Douglas
White alone or in combination,69663,Georgia,Douglas
Black alone or in combination,75426,Georgia,Douglas
American Indian and Alaska Native alone or in combination,1790,Georgia,Douglas
Asian alone or in combination,3184,Georgia,Douglas
Native Hawaiian and Other Pacific Islander alone or in combination,419,Georgia,Douglas
American Indian and Alaska Native alone or in combination,194,Georgia,Ben Hill
Asian alone or in combination,175,Georgia,Ben Hill
Native Hawaiian and Other Pacific Islander alone or in combination,14,Georgia,Ben Hill
Two or more races,202,Georgia,Jeff Davis
All races,24633,Georgia,Grady
White alone,16370,Georgia,Grady
All races,15115,Georgia,Jeff Davis
White alone,12344,Georgia,Jeff Davis
Black alone,2313,Georgia,Jeff Davis
American Indian and Alaska Native alone,126,Georgia,Jeff Davis
Asian alone,116,Georgia,Jeff Davis
Native Hawaiian and Other Pacific Islander alone,14,Georgia,Jeff Davis
White alone or in combination,12524,Georgia,Jeff Davis
Black alone or in combination,2456,Georgia,Jeff Davis
American Indian and Alaska Native alone or in combination,184,Georgia,Jeff Davis
Asian alone or in combination,139,Georgia,Jeff Davis
Native Hawaiian and Other Pacific Islander alone or in combination,19,Georgia,Jeff Davis
Black alone,7330,Georgia,Grady
American Indian and Alaska Native alone,326,Georgia,Grady
Asian alone,168,Georgia,Grady
Native Hawaiian and Other Pacific Islander alone,72,Georgia,Grady
Two or more races,367,Georgia,Grady
White alone or in combination,16699,Georgia,Grady
Black alone or in combination,7521,Georgia,Grady
American Indian and Alaska Native alone or in combination,496,Georgia,Grady
Asian alone or in combination,225,Georgia,Grady
Native Hawaiian and Other Pacific Islander alone or in combination,82,Georgia,Grady
Native Hawaiian and Other Pacific Islander alone,14,Georgia,Jefferson
All races,15362,Georgia,Jefferson
White alone,6961,Georgia,Jefferson
Black alone,8080,Georgia,Jefferson
American Indian and Alaska Native alone,37,Georgia,Jefferson
Asian alone,103,Georgia,Jefferson
Two or more races,167,Georgia,Jefferson
White alone or in combination,7113,Georgia,Jefferson
Black alone or in combination,8186,Georgia,Jefferson
American Indian and Alaska Native alone or in combination,95,Georgia,Jefferson
Asian alone or in combination,123,Georgia,Jefferson
Native Hawaiian and Other Pacific Islander alone or in combination,17,Georgia,Jefferson
American Indian and Alaska Native alone,47,Georgia,Hancock
All races,8457,Georgia,Hancock
White alone,2241,Georgia,Hancock
Black alone,6008,Georgia,Hancock
Asian alone,82,Georgia,Hancock
Native Hawaiian and Other Pacific Islander alone,2,Georgia,Hancock
Two or more races,77,Georgia,Hancock
White alone or in combination,2308,Georgia,Hancock
Black alone or in combination,6050,Georgia,Hancock
American Indian and Alaska Native alone or in combination,74,Georgia,Hancock
Asian alone or in combination,95,Georgia,Hancock
Native Hawaiian and Other Pacific Islander alone or in combination,7,Georgia,Hancock
American Indian and Alaska Native alone,1492,Georgia,Whitfield
All races,29792,Georgia,Haralson
White alone,27565,Georgia,Haralson
Black alone,1340,Georgia,Haralson
All races,104628,Georgia,Whitfield
White alone,94781,Georgia,Whitfield
Black alone,4607,Georgia,Whitfield
White alone or in combination,96477,Georgia,Whitfield
Asian alone,1715,Georgia,Whitfield
Native Hawaiian and Other Pacific Islander alone,229,Georgia,Whitfield
Two or more races,1804,Georgia,Whitfield
Black alone or in combination,5540,Georgia,Whitfield
American Indian and Alaska Native alone or in combination,2149,Georgia,Whitfield
Asian alone or in combination,2030,Georgia,Whitfield
Native Hawaiian and Other Pacific Islander alone or in combination,293,Georgia,Whitfield
American Indian and Alaska Native alone,111,Georgia,Haralson
Asian alone,253,Georgia,Haralson
Native Hawaiian and Other Pacific Islander alone,8,Georgia,Haralson
Two or more races,515,Georgia,Haralson
White alone or in combination,28039,Georgia,Haralson
Black alone or in combination,1618,Georgia,Haralson
American Indian and Alaska Native alone or in combination,313,Georgia,Haralson
Asian alone or in combination,330,Georgia,Haralson
Native Hawaiian and Other Pacific Islander alone or in combination,25,Georgia,Haralson
American Indian and Alaska Native alone,28,Georgia,Wilcox
All races,8635,Georgia,Wilcox
White alone,5421,Georgia,Wilcox
Black alone,2979,Georgia,Wilcox
Asian alone,71,Georgia,Wilcox
Native Hawaiian and Other Pacific Islander alone,2,Georgia,Wilcox
Two or more races,134,Georgia,Wilcox
White alone or in combination,5515,Georgia,Wilcox
Black alone or in combination,3072,Georgia,Wilcox
Black alone,3766,Georgia,Calhoun
American Indian and Alaska Native alone or in combination,85,Georgia,Wilcox
Asian alone or in combination,94,Georgia,Wilcox
Native Hawaiian and Other Pacific Islander alone or in combination,4,Georgia,Wilcox
All races,6189,Georgia,Calhoun
White alone,2235,Georgia,Calhoun
American Indian and Alaska Native alone,35,Georgia,Calhoun
Asian alone,53,Georgia,Calhoun
Black alone or in combination,3821,Georgia,Calhoun
Native Hawaiian and Other Pacific Islander alone,21,Georgia,Calhoun
Two or more races,79,Georgia,Calhoun
White alone or in combination,2301,Georgia,Calhoun
American Indian and Alaska Native alone or in combination,61,Georgia,Calhoun
Asian alone or in combination,61,Georgia,Calhoun
Native Hawaiian and Other Pacific Islander alone or in combination,24,Georgia,Calhoun
American Indian and Alaska Native alone,74,Georgia,Macon
All races,12947,Georgia,Macon
White alone,4650,Georgia,Macon
Black alone,7863,Georgia,Macon
Asian alone,182,Georgia,Macon
Native Hawaiian and Other Pacific Islander alone,18,Georgia,Macon
Two or more races,160,Georgia,Macon
White alone or in combination,4793,Georgia,Macon
Black alone or in combination,7953,Georgia,Macon
American Indian and Alaska Native alone or in combination,139,Georgia,Macon
American Indian and Alaska Native alone,86,Georgia,McIntosh
Asian alone or in combination,209,Georgia,Macon
Native Hawaiian and Other Pacific Islander alone or in combination,28,Georgia,Macon
All races,14378,Georgia,McIntosh
White alone,9145,Georgia,McIntosh
Black alone,4816,Georgia,McIntosh
Asian alone,75,Georgia,McIntosh
Native Hawaiian and Other Pacific Islander alone,16,Georgia,McIntosh
Two or more races,240,Georgia,McIntosh
White alone or in combination,9353,Georgia,McIntosh
Black alone or in combination,4966,Georgia,McIntosh
Two or more races,1225,Georgia,Troup
All races,69922,Georgia,Troup
White alone,41102,Georgia,Troup
Black alone,25546,Georgia,Troup
American Indian and Alaska Native alone,285,Georgia,Troup
Asian alone,1639,Georgia,Troup
Native Hawaiian and Other Pacific Islander alone,125,Georgia,Troup
White alone or in combination,42224,Georgia,Troup
Black alone or in combination,26396,Georgia,Troup
American Indian and Alaska Native alone or in combination,536,Georgia,Troup
Asian alone or in combination,1859,Georgia,Troup
Native Hawaiian and Other Pacific Islander alone or in combination,180,Georgia,Troup
American Indian and Alaska Native alone or in combination,172,Georgia,McIntosh
Asian alone or in combination,115,Georgia,McIntosh
Native Hawaiian and Other Pacific Islander alone or in combination,27,Georgia,McIntosh
American Indian and Alaska Native alone,18,Georgia,Treutlen
All races,6901,Georgia,Treutlen
White alone,4578,Georgia,Treutlen
Black alone,2199,Georgia,Treutlen
Asian alone,24,Georgia,Treutlen
Native Hawaiian and Other Pacific Islander alone,2,Georgia,Treutlen
Two or more races,80,Georgia,Treutlen
White alone or in combination,4652,Georgia,Treutlen
Black alone or in combination,2252,Georgia,Treutlen
American Indian and Alaska Native alone or in combination,35,Georgia,Treutlen
Asian alone or in combination,40,Georgia,Treutlen
Native Hawaiian and Other Pacific Islander alone or in combination,4,Georgia,Treutlen
American Indian and Alaska Native alone,171,Georgia,Harris
All races,35236,Georgia,Harris
White alone,28065,Georgia,Harris
Black alone,5867,Georgia,Harris
Asian alone,418,Georgia,Harris
Native Hawaiian and Other Pacific Islander alone,50,Georgia,Harris
Two or more races,665,Georgia,Harris
White alone or in combination,28669,Georgia,Harris
Black alone or in combination,6194,Georgia,Harris
American Indian and Alaska Native alone or in combination,382,Georgia,Harris
Asian alone or in combination,618,Georgia,Harris
Native Hawaiian and Other Pacific Islander alone or in combination,70,Georgia,Harris
American Indian and Alaska Native alone,91,Georgia,Marion
All races,8359,Georgia,Marion
White alone,5382,Georgia,Marion
Black alone,2587,Georgia,Marion
Asian alone,78,Georgia,Marion
Native Hawaiian and Other Pacific Islander alone,59,Georgia,Marion
American Indian and Alaska Native alone or in combination,157,Georgia,Marion
Two or more races,162,Georgia,Marion
White alone or in combination,5526,Georgia,Marion
Black alone or in combination,2675,Georgia,Marion
Asian alone or in combination,105,Georgia,Marion
Native Hawaiian and Other Pacific Islander alone or in combination,67,Georgia,Marion
American Indian and Alaska Native alone,134,Georgia,Madison
All races,29880,Georgia,Madison
White alone,25693,Georgia,Madison
Black alone,2861,Georgia,Madison
Asian alone,646,Georgia,Madison
Native Hawaiian and Other Pacific Islander alone,13,Georgia,Madison
Two or more races,533,Georgia,Madison
White alone or in combination,26170,Georgia,Madison
Black alone or in combination,3186,Georgia,Madison
American Indian and Alaska Native alone or in combination,296,Georgia,Madison
Asian alone or in combination,746,Georgia,Madison
Native Hawaiian and Other Pacific Islander alone or in combination,33,Georgia,Madison
American Indian and Alaska Native alone,6,Georgia,Schley
All races,5257,Georgia,Schley
White alone,3987,Georgia,Schley
Black alone,1065,Georgia,Schley
Asian alone,45,Georgia,Schley
Native Hawaiian and Other Pacific Islander alone,0,Georgia,Schley
American Indian and Alaska Native alone or in combination,80,Georgia,Schley
Two or more races,154,Georgia,Schley
White alone or in combination,4125,Georgia,Schley
Black alone or in combination,1140,Georgia,Schley
Asian alone or in combination,73,Georgia,Schley
Native Hawaiian and Other Pacific Islander alone or in combination,7,Georgia,Schley
American Indian and Alaska Native alone,69,Georgia,Worth
All races,20247,Georgia,Worth
White alone,14088,Georgia,Worth
Black alone,5670,Georgia,Worth
Asian alone,146,Georgia,Worth
Native Hawaiian and Other Pacific Islander alone,14,Georgia,Worth
Two or more races,260,Georgia,Worth
White alone or in combination,14328,Georgia,Worth
Black alone or in combination,5824,Georgia,Worth
American Indian and Alaska Native alone or in combination,146,Georgia,Worth
Asian alone or in combination,195,Georgia,Worth
Native Hawaiian and Other Pacific Islander alone or in combination,20,Georgia,Worth
American Indian and Alaska Native alone,28,Georgia,Bleckley
All races,12873,Georgia,Bleckley
White alone,9058,Georgia,Bleckley
Black alone,3463,Georgia,Bleckley
Asian alone,145,Georgia,Bleckley
Native Hawaiian and Other Pacific Islander alone,2,Georgia,Bleckley
Two or more races,177,Georgia,Bleckley
White alone or in combination,9215,Georgia,Bleckley
Black alone or in combination,3575,Georgia,Bleckley
American Indian and Alaska Native alone or in combination,88,Georgia,Bleckley
Asian alone or in combination,165,Georgia,Bleckley
Asian alone,61,Georgia,Brantley
Native Hawaiian and Other Pacific Islander alone or in combination,9,Georgia,Bleckley
All races,19109,Georgia,Brantley
White alone,17848,Georgia,Brantley
Black alone,758,Georgia,Brantley
American Indian and Alaska Native alone,97,Georgia,Brantley
Native Hawaiian and Other Pacific Islander alone,5,Georgia,Brantley
Two or more races,340,Georgia,Brantley
White alone or in combination,18168,Georgia,Brantley
Black alone or in combination,908,Georgia,Brantley
American Indian and Alaska Native alone or in combination,261,Georgia,Brantley
Asian alone or in combination,98,Georgia,Brantley
Native Hawaiian and Other Pacific Islander alone or in combination,16,Georgia,Brantley
American Indian and Alaska Native alone,63,Georgia,Evans
All races,10654,Georgia,Evans
White alone,6957,Georgia,Evans
Black alone,3316,Georgia,Evans
Asian alone,127,Georgia,Evans
Native Hawaiian and Other Pacific Islander alone,41,Georgia,Evans
Two or more races,150,Georgia,Evans
White alone or in combination,7091,Georgia,Evans
Black alone or in combination,3400,Georgia,Evans
American Indian and Alaska Native alone or in combination,119,Georgia,Evans
Asian alone or in combination,156,Georgia,Evans
Native Hawaiian and Other Pacific Islander alone or in combination,47,Georgia,Evans
American Indian and Alaska Native alone,109,Georgia,Emanuel
All races,22646,Georgia,Emanuel
White alone,14224,Georgia,Emanuel
Black alone,7865,Georgia,Emanuel
Asian alone,169,Georgia,Emanuel
Native Hawaiian and Other Pacific Islander alone,14,Georgia,Emanuel
Two or more races,265,Georgia,Emanuel
White alone or in combination,14465,Georgia,Emanuel
Black alone or in combination,8032,Georgia,Emanuel
American Indian and Alaska Native alone or in combination,187,Georgia,Emanuel
Asian alone or in combination,207,Georgia,Emanuel
Native Hawaiian and Other Pacific Islander alone or in combination,22,Georgia,Emanuel
American Indian and Alaska Native alone,103,Georgia,Franklin
All races,23349,Georgia,Franklin
White alone,20257,Georgia,Franklin
Black alone,2217,Georgia,Franklin
Asian alone,327,Georgia,Franklin
Native Hawaiian and Other Pacific Islander alone,13,Georgia,Franklin
Two or more races,432,Georgia,Franklin
White alone or in combination,20647,Georgia,Franklin
Native Hawaiian and Other Pacific Islander alone or in combination,29,Georgia,Franklin
Black alone or in combination,2480,Georgia,Franklin
American Indian and Alaska Native alone or in combination,255,Georgia,Franklin
Asian alone or in combination,380,Georgia,Franklin
American Indian and Alaska Native alone,1196,Georgia,Forsyth
All races,244252,Georgia,Forsyth
White alone,189577,Georgia,Forsyth
Black alone,10661,Georgia,Forsyth
Asian alone,37977,Georgia,Forsyth
Native Hawaiian and Other Pacific Islander alone,168,Georgia,Forsyth
Two or more races,4673,Georgia,Forsyth
White alone or in combination,193812,Georgia,Forsyth
Black alone or in combination,12492,Georgia,Forsyth
American Indian and Alaska Native alone or in combination,2423,Georgia,Forsyth
Asian alone or in combination,40131,Georgia,Forsyth
Asian alone,15,Georgia,Webster
All races,2607,Georgia,Webster
White alone,1434,Georgia,Webster
Black alone,1099,Georgia,Webster
American Indian and Alaska Native alone,13,Georgia,Webster
Native Hawaiian and Other Pacific Islander alone,0,Georgia,Webster
Two or more races,46,Georgia,Webster
White alone or in combination,1477,Georgia,Webster
Black alone or in combination,1127,Georgia,Webster
American Indian and Alaska Native alone or in combination,27,Georgia,Webster
Asian alone or in combination,23,Georgia,Webster
Native Hawaiian and Other Pacific Islander alone or in combination,391,Georgia,Forsyth
Asian alone,717,Georgia,Effingham
Native Hawaiian and Other Pacific Islander alone or in combination,0,Georgia,Webster
All races,64296,Georgia,Effingham
White alone,52627,Georgia,Effingham
Black alone,9206,Georgia,Effingham
American Indian and Alaska Native alone,289,Georgia,Effingham
Native Hawaiian and Other Pacific Islander alone,75,Georgia,Effingham
Two or more races,1382,Georgia,Effingham
White alone or in combination,53880,Georgia,Effingham
Black alone or in combination,9952,Georgia,Effingham
American Indian and Alaska Native alone or in combination,741,Georgia,Effingham
Asian alone or in combination,1036,Georgia,Effingham
Native Hawaiian and Other Pacific Islander alone or in combination,136,Georgia,Effingham
American Indian and Alaska Native alone,88,Georgia,Elbert
All races,19194,Georgia,Elbert
White alone,13093,Georgia,Elbert
Black alone,5566,Georgia,Elbert
Asian alone,188,Georgia,Elbert
Native Hawaiian and Other Pacific Islander alone,11,Georgia,Elbert
Two or more races,248,Georgia,Elbert
White alone or in combination,13322,Georgia,Elbert
Black alone or in combination,5719,Georgia,Elbert
Two or more races,343,Georgia,Lamar
All races,19077,Georgia,Lamar
White alone,12830,Georgia,Lamar
Black alone,5679,Georgia,Lamar
American Indian and Alaska Native alone,74,Georgia,Lamar
Asian alone,144,Georgia,Lamar
Native Hawaiian and Other Pacific Islander alone,7,Georgia,Lamar
White alone or in combination,13138,Georgia,Lamar
Black alone or in combination,5903,Georgia,Lamar
American Indian and Alaska Native alone or in combination,174,Georgia,Lamar
Asian alone or in combination,194,Georgia,Lamar
Native Hawaiian and Other Pacific Islander alone or in combination,23,Georgia,Lamar
American Indian and Alaska Native alone or in combination,166,Georgia,Elbert
Asian alone or in combination,221,Georgia,Elbert
Native Hawaiian and Other Pacific Islander alone or in combination,17,Georgia,Elbert
American Indian and Alaska Native alone,121,Georgia,Lanier
All races,10423,Georgia,Lanier
White alone,7594,Georgia,Lanier
Black alone,2298,Georgia,Lanier
Asian alone,124,Georgia,Lanier
Native Hawaiian and Other Pacific Islander alone,5,Georgia,Lanier
Two or more races,281,Georgia,Lanier
White alone or in combination,7840,Georgia,Lanier
Black alone or in combination,2451,Georgia,Lanier
American Indian and Alaska Native alone or in combination,224,Georgia,Lanier
Asian alone or in combination,191,Georgia,Lanier
Native Hawaiian and Other Pacific Islander alone or in combination,17,Georgia,Lanier
American Indian and Alaska Native alone,15,Georgia,Glascock
All races,2971,Georgia,Glascock
White alone,2648,Georgia,Glascock
Black alone,254,Georgia,Glascock
Asian alone,3,Georgia,Glascock
Native Hawaiian and Other Pacific Islander alone,2,Georgia,Glascock
Two or more races,49,Georgia,Glascock
White alone or in combination,2692,Georgia,Glascock
Black alone or in combination,277,Georgia,Glascock
American Indian and Alaska Native alone or in combination,34,Georgia,Glascock
Asian alone or in combination,15,Georgia,Glascock
Asian alone,227,Georgia,Gilmer
Native Hawaiian and Other Pacific Islander alone or in combination,2,Georgia,Glascock
All races,31369,Georgia,Gilmer
White alone,29956,Georgia,Gilmer
Black alone,431,Georgia,Gilmer
American Indian and Alaska Native alone,212,Georgia,Gilmer
Native Hawaiian and Other Pacific Islander alone,151,Georgia,Gilmer
Two or more races,392,Georgia,Gilmer
White alone or in combination,30309,Georgia,Gilmer
Black alone or in combination,580,Georgia,Gilmer
American Indian and Alaska Native alone or in combination,437,Georgia,Gilmer
Asian alone or in combination,282,Georgia,Gilmer
Native Hawaiian and Other Pacific Islander alone or in combination,166,Georgia,Gilmer
American Indian and Alaska Native alone,16,Georgia,Quitman
All races,2299,Georgia,Quitman
White alone,1130,Georgia,Quitman
Black alone,1116,Georgia,Quitman
Asian alone,6,Georgia,Quitman
Native Hawaiian and Other Pacific Islander alone,0,Georgia,Quitman
Two or more races,31,Georgia,Quitman
White alone or in combination,1158,Georgia,Quitman
Black alone or in combination,1133,Georgia,Quitman
American Indian and Alaska Native alone or in combination,29,Georgia,Quitman
Asian alone or in combination,10,Georgia,Quitman
Native Hawaiian and Other Pacific Islander alone or in combination,1,Georgia,Quitman
American Indian and Alaska Native alone,71,Georgia,Jasper
All races,14219,Georgia,Jasper
White alone,11070,Georgia,Jasper
Black alone,2768,Georgia,Jasper
Asian alone,45,Georgia,Jasper
Native Hawaiian and Other Pacific Islander alone,2,Georgia,Jasper
Two or more races,263,Georgia,Jasper
White alone or in combination,11312,Georgia,Jasper
Black alone or in combination,2931,Georgia,Jasper
American Indian and Alaska Native alone or in combination,172,Georgia,Jasper
Asian alone or in combination,76,Georgia,Jasper
Native Hawaiian and Other Pacific Islander alone or in combination,8,Georgia,Jasper
American Indian and Alaska Native alone,278,Georgia,Jackson
All races,72977,Georgia,Jackson
White alone,64399,Georgia,Jackson
Black alone,5405,Georgia,Jackson
Asian alone,1547,Georgia,Jackson
Native Hawaiian and Other Pacific Islander alone,53,Georgia,Jackson
Two or more races,1295,Georgia,Jackson
White alone or in combination,65600,Georgia,Jackson
Black alone or in combination,6130,Georgia,Jackson
American Indian and Alaska Native alone or in combination,729,Georgia,Jackson
Asian alone or in combination,1817,Georgia,Jackson
Native Hawaiian and Other Pacific Islander alone or in combination,92,Georgia,Jackson
American Indian and Alaska Native alone,41,Georgia,Johnson
All races,9643,Georgia,Johnson
White alone,6153,Georgia,Johnson
Black alone,3306,Georgia,Johnson
Asian alone,39,Georgia,Johnson
Asian alone,88,Georgia,Jenkins
All races,8676,Georgia,Jenkins
White alone,4741,Georgia,Jenkins
Black alone,3696,Georgia,Jenkins
American Indian and Alaska Native alone,46,Georgia,Jenkins
Native Hawaiian and Other Pacific Islander alone,20,Georgia,Jenkins
Two or more races,85,Georgia,Jenkins
White alone or in combination,4821,Georgia,Jenkins
Black alone or in combination,3749,Georgia,Jenkins
American Indian and Alaska Native alone or in combination,79,Georgia,Jenkins
Asian alone or in combination,97,Georgia,Jenkins
Native Hawaiian and Other Pacific Islander alone or in combination,21,Georgia,Jenkins
Native Hawaiian and Other Pacific Islander alone,3,Georgia,Johnson
Two or more races,101,Georgia,Johnson
White alone or in combination,6243,Georgia,Johnson
Black alone or in combination,3362,Georgia,Johnson
American Indian and Alaska Native alone or in combination,79,Georgia,Johnson
Asian alone or in combination,56,Georgia,Johnson
Native Hawaiian and Other Pacific Islander alone or in combination,6,Georgia,Johnson
American Indian and Alaska Native alone,473,Georgia,Liberty
All races,61435,Georgia,Liberty
White alone,28806,Georgia,Liberty
Black alone,27627,Georgia,Liberty
Asian alone,1263,Georgia,Liberty
Native Hawaiian and Other Pacific Islander alone,385,Georgia,Liberty
Two or more races,2881,Georgia,Liberty
Asian alone,181,Georgia,Mitchell
All races,21863,Georgia,Mitchell
White alone,10786,Georgia,Mitchell
Black alone,10498,Georgia,Mitchell
American Indian and Alaska Native alone,128,Georgia,Mitchell
Native Hawaiian and Other Pacific Islander alone,16,Georgia,Mitchell
Two or more races,254,Georgia,Mitchell
Asian alone or in combination,232,Georgia,Mitchell
White alone or in combination,11008,Georgia,Mitchell
Black alone or in combination,10642,Georgia,Mitchell
American Indian and Alaska Native alone or in combination,222,Georgia,Mitchell
Native Hawaiian and Other Pacific Islander alone or in combination,582,Georgia,Liberty
White alone or in combination,31291,Georgia,Liberty
Black alone or in combination,29649,Georgia,Liberty
American Indian and Alaska Native alone or in combination,1099,Georgia,Liberty
Asian alone or in combination,2097,Georgia,Liberty
Native Hawaiian and Other Pacific Islander alone or in combination,29,Georgia,Mitchell
American Indian and Alaska Native alone,205,Georgia,Tift
All races,40644,Georgia,Tift
White alone,26721,Georgia,Tift
Black alone,12492,Georgia,Tift
White alone or in combination,27214,Georgia,Tift
Asian alone,628,Georgia,Tift
Native Hawaiian and Other Pacific Islander alone,25,Georgia,Tift
Two or more races,573,Georgia,Tift
Black alone or in combination,12873,Georgia,Tift
American Indian and Alaska Native alone or in combination,348,Georgia,Tift
Asian alone or in combination,746,Georgia,Tift
Native Hawaiian and Other Pacific Islander alone or in combination,58,Georgia,Tift
American Indian and Alaska Native alone,279,Georgia,Thomas
All races,44451,Georgia,Thomas
White alone,26917,Georgia,Thomas
Black alone,16103,Georgia,Thomas
Asian alone,465,Georgia,Thomas
Native Hawaiian and Other Pacific Islander alone,33,Georgia,Thomas
Two or more races,654,Georgia,Thomas
White alone or in combination,27497,Georgia,Thomas
Black alone or in combination,16475,Georgia,Thomas
American Indian and Alaska Native alone or in combination,520,Georgia,Thomas
Asian alone or in combination,577,Georgia,Thomas
Native Hawaiian and Other Pacific Islander alone or in combination,65,Georgia,Thomas
American Indian and Alaska Native alone,43,Georgia,Talbot
All races,6195,Georgia,Talbot
White alone,2636,Georgia,Talbot
Black alone,3415,Georgia,Talbot
Asian alone,17,Georgia,Talbot
Native Hawaiian and Other Pacific Islander alone,3,Georgia,Talbot
Two or more races,81,Georgia,Talbot
White alone or in combination,2706,Georgia,Talbot
Black alone or in combination,3466,Georgia,Talbot
American Indian and Alaska Native alone or in combination,67,Georgia,Talbot
American Indian and Alaska Native alone,52,Georgia,Terrell
Asian alone or in combination,32,Georgia,Talbot
Native Hawaiian and Other Pacific Islander alone or in combination,7,Georgia,Talbot
All races,8531,Georgia,Terrell
White alone,3187,Georgia,Terrell
Black alone,5123,Georgia,Terrell
Asian alone,34,Georgia,Terrell
Native Hawaiian and Other Pacific Islander alone,15,Georgia,Terrell
Two or more races,120,Georgia,Terrell
White alone or in combination,3290,Georgia,Terrell
Black alone or in combination,5188,Georgia,Terrell
American Indian and Alaska Native alone or in combination,97,Georgia,Terrell
Asian alone or in combination,59,Georgia,Terrell
Native Hawaiian and Other Pacific Islander alone or in combination,22,Georgia,Terrell
American Indian and Alaska Native alone,227,Georgia,Toombs
All races,26830,Georgia,Toombs
White alone,18884,Georgia,Toombs
Black alone,7056,Georgia,Toombs
Asian alone,222,Georgia,Toombs
Native Hawaiian and Other Pacific Islander alone,35,Georgia,Toombs
Two or more races,406,Georgia,Toombs
White alone or in combination,19245,Georgia,Toombs
Black alone or in combination,7341,Georgia,Toombs
Two or more races,138,Georgia,Towns
All races,12037,Georgia,Towns
White alone,11586,Georgia,Towns
Black alone,140,Georgia,Towns
American Indian and Alaska Native alone,52,Georgia,Towns
Asian alone,111,Georgia,Towns
Native Hawaiian and Other Pacific Islander alone,10,Georgia,Towns
White alone or in combination,11705,Georgia,Towns
Black alone or in combination,207,Georgia,Towns
American Indian and Alaska Native alone or in combination,113,Georgia,Towns
Asian alone or in combination,138,Georgia,Towns
Native Hawaiian and Other Pacific Islander alone or in combination,19,Georgia,Towns
American Indian and Alaska Native alone or in combination,325,Georgia,Toombs
Asian alone or in combination,284,Georgia,Toombs
Native Hawaiian and Other Pacific Islander alone or in combination,58,Georgia,Toombs
American Indian and Alaska Native alone,47,Georgia,Wilkinson
All races,8954,Georgia,Wilkinson
White alone,5307,Georgia,Wilkinson
Black alone,3405,Georgia,Wilkinson
Asian alone,36,Georgia,Wilkinson
Native Hawaiian and Other Pacific Islander alone,2,Georgia,Wilkinson
Two or more races,157,Georgia,Wilkinson
White alone or in combination,5449,Georgia,Wilkinson
Black alone or in combination,3509,Georgia,Wilkinson
American Indian and Alaska Native alone or in combination,86,Georgia,Wilkinson
Asian alone or in combination,59,Georgia,Wilkinson
Native Hawaiian and Other Pacific Islander alone or in combination,8,Georgia,Wilkinson
American Indian and Alaska Native alone,11,Georgia,Montgomery
All races,9777,Georgia,Wilkes
White alone,5452,Georgia,Wilkes
Black alone,4018,Georgia,Wilkes
All races,9172,Georgia,Montgomery
White alone,6595,Georgia,Montgomery
Black alone,2377,Georgia,Montgomery
Asian alone,56,Georgia,Montgomery
Native Hawaiian and Other Pacific Islander alone,2,Georgia,Montgomery
Two or more races,131,Georgia,Montgomery
White alone or in combination,6716,Georgia,Montgomery
Black alone or in combination,2457,Georgia,Montgomery
American Indian and Alaska Native alone or in combination,46,Georgia,Montgomery
Asian alone or in combination,80,Georgia,Montgomery
Native Hawaiian and Other Pacific Islander alone or in combination,8,Georgia,Montgomery
American Indian and Alaska Native alone,23,Georgia,Wilkes
Asian alone,87,Georgia,Wilkes
Native Hawaiian and Other Pacific Islander alone,2,Georgia,Wilkes
Two or more races,195,Georgia,Wilkes
White alone or in combination,5637,Georgia,Wilkes
Black alone or in combination,4155,Georgia,Wilkes
American Indian and Alaska Native alone or in combination,61,Georgia,Wilkes
Asian alone or in combination,111,Georgia,Wilkes
Asian alone,281,Georgia,Monroe
Native Hawaiian and Other Pacific Islander alone or in combination,8,Georgia,Wilkes
All races,27578,Georgia,Monroe
White alone,20571,Georgia,Monroe
Black alone,6264,Georgia,Monroe
American Indian and Alaska Native alone,95,Georgia,Monroe
Native Hawaiian and Other Pacific Islander alone,11,Georgia,Monroe
Two or more races,356,Georgia,Monroe
White alone or in combination,20884,Georgia,Monroe
Black alone or in combination,6467,Georgia,Monroe
American Indian and Alaska Native alone or in combination,230,Georgia,Monroe
American Indian and Alaska Native alone,9,Georgia,Randolph
Asian alone or in combination,342,Georgia,Monroe
Native Hawaiian and Other Pacific Islander alone or in combination,26,Georgia,Monroe
All races,6778,Georgia,Randolph
White alone,2499,Georgia,Randolph
Black alone,4168,Georgia,Randolph
Asian alone,179,Georgia,Rabun
All races,17137,Georgia,Rabun
White alone,16280,Georgia,Rabun
Black alone,272,Georgia,Rabun
American Indian and Alaska Native alone,92,Georgia,Rabun
Native Hawaiian and Other Pacific Islander alone,11,Georgia,Rabun
Two or more races,303,Georgia,Rabun
White alone or in combination,16549,Georgia,Rabun
Black alone or in combination,404,Georgia,Rabun
American Indian and Alaska Native alone or in combination,256,Georgia,Rabun
Asian alone or in combination,225,Georgia,Rabun
Native Hawaiian and Other Pacific Islander alone or in combination,18,Georgia,Rabun
White alone or in combination,2549,Georgia,Randolph
Asian alone,39,Georgia,Randolph
Native Hawaiian and Other Pacific Islander alone,8,Georgia,Randolph
Two or more races,55,Georgia,Randolph
Black alone or in combination,4207,Georgia,Randolph
American Indian and Alaska Native alone or in combination,24,Georgia,Randolph
Asian alone or in combination,45,Georgia,Randolph
Native Hawaiian and Other Pacific Islander alone or in combination,10,Georgia,Randolph
American Indian and Alaska Native alone,176,Georgia,Ware
All races,35734,Georgia,Ware
White alone,23704,Georgia,Ware
Black alone,10788,Georgia,Ware
Asian alone,350,Georgia,Ware
Native Hawaiian and Other Pacific Islander alone,35,Georgia,Ware
Two or more races,681,Georgia,Ware
White alone or in combination,24333,Georgia,Ware
Black alone or in combination,11232,Georgia,Ware
American Indian and Alaska Native alone or in combination,355,Georgia,Ware
Asian alone or in combination,460,Georgia,Ware
Native Hawaiian and Other Pacific Islander alone or in combination,59,Georgia,Ware
American Indian and Alaska Native alone,17,Georgia,Warren
All races,5254,Georgia,Warren
White alone,2075,Georgia,Warren
Black alone,3065,Georgia,Warren
Asian alone,37,Georgia,Warren
Native Hawaiian and Other Pacific Islander alone,0,Georgia,Warren
Two or more races,60,Georgia,Warren
White alone or in combination,2129,Georgia,Warren
Native Hawaiian and Other Pacific Islander alone or in combination,1,Georgia,Warren
Black alone or in combination,3100,Georgia,Warren
American Indian and Alaska Native alone or in combination,34,Georgia,Warren
Asian alone or in combination,52,Georgia,Warren
American Indian and Alaska Native alone,152,Georgia,Baldwin
All races,44890,Georgia,Baldwin
White alone,24255,Georgia,Baldwin
Black alone,19061,Georgia,Baldwin
Asian alone,782,Georgia,Baldwin
Native Hawaiian and Other Pacific Islander alone,38,Georgia,Baldwin
Two or more races,602,Georgia,Baldwin
White alone or in combination,24800,Georgia,Baldwin
Black alone or in combination,19421,Georgia,Baldwin
American Indian and Alaska Native alone or in combination,290,Georgia,Baldwin
Asian alone or in combination,923,Georgia,Baldwin
Native Hawaiian and Other Pacific Islander alone or in combination,73,Georgia,Baldwin
American Indian and Alaska Native alone,117,Georgia,Banks
All races,19234,Georgia,Banks
White alone,18036,Georgia,Banks
Black alone,549,Georgia,Banks
Asian alone,202,Georgia,Banks
Native Hawaiian and Other Pacific Islander alone,21,Georgia,Banks
Two or more races,309,Georgia,Banks
Asian alone or in combination,251,Georgia,Banks
White alone or in combination,18320,Georgia,Banks
Black alone or in combination,683,Georgia,Banks
American Indian and Alaska Native alone or in combination,263,Georgia,Banks
Native Hawaiian and Other Pacific Islander alone or in combination,33,Georgia,Banks
American Indian and Alaska Native alone,360,Georgia,Bulloch
All races,79608,Georgia,Bulloch
White alone,52993,Georgia,Bulloch
Black alone,23557,Georgia,Bulloch
Asian alone,1069,Georgia,Bulloch
Native Hawaiian and Other Pacific Islander alone,96,Georgia,Bulloch
Two or more races,1533,Georgia,Bulloch
White alone or in combination,54362,Georgia,Bulloch
Black alone or in combination,24465,Georgia,Bulloch
American Indian and Alaska Native alone or in combination,739,Georgia,Bulloch
Asian alone or in combination,1443,Georgia,Bulloch
Native Hawaiian and Other Pacific Islander alone or in combination,179,Georgia,Bulloch
American Indian and Alaska Native alone,244,Georgia,Bryan
All races,39627,Georgia,Bryan
White alone,31029,Georgia,Bryan
Black alone,6016,Georgia,Bryan
Asian alone,896,Georgia,Bryan
Native Hawaiian and Other Pacific Islander alone,67,Georgia,Bryan
Two or more races,1375,Georgia,Bryan
White alone or in combination,32261,Georgia,Bryan
Black alone or in combination,6790,Georgia,Bryan
American Indian and Alaska Native alone or in combination,547,Georgia,Bryan
Asian alone or in combination,1291,Georgia,Bryan
Asian alone,5303,Georgia,Clarke
All races,128331,Georgia,Clarke
White alone,83155,Georgia,Clarke
Black alone,36341,Georgia,Clarke
American Indian and Alaska Native alone,489,Georgia,Clarke
Native Hawaiian and Other Pacific Islander alone,158,Georgia,Clarke
Two or more races,2885,Georgia,Clarke
White alone or in combination,85686,Georgia,Clarke
Black alone or in combination,37821,Georgia,Clarke
American Indian and Alaska Native alone or in combination,1114,Georgia,Clarke
Asian alone or in combination,6475,Georgia,Clarke
Native Hawaiian and Other Pacific Islander alone or in combination,320,Georgia,Clarke
Native Hawaiian and Other Pacific Islander alone or in combination,152,Georgia,Bryan
American Indian and Alaska Native alone,11,Georgia,Clay
All races,2834,Georgia,Clay
White alone,1070,Georgia,Clay
Black alone,1711,Georgia,Clay
Asian alone,17,Georgia,Clay
Native Hawaiian and Other Pacific Islander alone,2,Georgia,Clay
Two or more races,23,Georgia,Clay
White alone or in combination,1090,Georgia,Clay
Native Hawaiian and Other Pacific Islander alone or in combination,2,Georgia,Clay
Black alone or in combination,1727,Georgia,Clay
American Indian and Alaska Native alone or in combination,20,Georgia,Clay
Asian alone or in combination,18,Georgia,Clay
Native Hawaiian and Other Pacific Islander alone,10,Georgia,Echols
All races,4006,Georgia,Echols
White alone,3512,Georgia,Echols
Black alone,248,Georgia,Echols
American Indian and Alaska Native alone,122,Georgia,Echols
Asian alone,27,Georgia,Echols
Two or more races,87,Georgia,Echols
White alone or in combination,3595,Georgia,Echols
Black alone or in combination,276,Georgia,Echols
American Indian and Alaska Native alone or in combination,170,Georgia,Echols
Asian alone or in combination,43,Georgia,Echols
Native Hawaiian and Other Pacific Islander alone or in combination,11,Georgia,Echols
American Indian and Alaska Native alone,57,Georgia,Early
All races,10190,Georgia,Early
White alone,4684,Georgia,Early
Black alone,5268,Georgia,Early
Asian alone,75,Georgia,Early
Native Hawaiian and Other Pacific Islander alone,6,Georgia,Early
Two or more races,100,Georgia,Early
White alone or in combination,4773,Georgia,Early
Black alone or in combination,5328,Georgia,Early
American Indian and Alaska Native alone or in combination,85,Georgia,Early
Asian alone or in combination,94,Georgia,Early
Native Hawaiian and Other Pacific Islander alone or in combination,10,Georgia,Early
American Indian and Alaska Native alone,437,Georgia,Glynn
All races,85292,Georgia,Glynn
White alone,58992,Georgia,Glynn
Black alone,22694,Georgia,Glynn
Asian alone,1365,Georgia,Glynn
Native Hawaiian and Other Pacific Islander alone,161,Georgia,Glynn
Two or more races,1643,Georgia,Glynn
White alone or in combination,60417,Georgia,Glynn
Black alone or in combination,23695,Georgia,Glynn
American Indian and Alaska Native alone or in combination,924,Georgia,Glynn
Asian alone or in combination,1758,Georgia,Glynn
Native Hawaiian and Other Pacific Islander alone or in combination,259,Georgia,Glynn
American Indian and Alaska Native alone,347,Georgia,Gordon
All races,57963,Georgia,Gordon
White alone,53049,Georgia,Gordon
Black alone,2551,Georgia,Gordon
Asian alone,834,Georgia,Gordon
Native Hawaiian and Other Pacific Islander alone,206,Georgia,Gordon
Two or more races,976,Georgia,Gordon
White alone or in combination,53955,Georgia,Gordon
Black alone or in combination,3162,Georgia,Gordon
American Indian and Alaska Native alone or in combination,640,Georgia,Gordon
Asian alone or in combination,985,Georgia,Gordon
Native Hawaiian and Other Pacific Islander alone or in combination,224,Georgia,Gordon
Asian alone,49133,Georgia,DeKalb
All races,759297,Georgia,DeKalb
White alone,272548,Georgia,DeKalb
Black alone,416429,Georgia,DeKalb
American Indian and Alaska Native alone,3649,Georgia,DeKalb
Native Hawaiian and Other Pacific Islander alone,568,Georgia,DeKalb
Two or more races,16970,Georgia,DeKalb
White alone or in combination,285850,Georgia,DeKalb
Black alone or in combination,426937,Georgia,DeKalb
American Indian and Alaska Native alone or in combination,9246,Georgia,DeKalb
Asian alone or in combination,54901,Georgia,DeKalb
Native Hawaiian and Other Pacific Islander alone or in combination,1396,Georgia,DeKalb
American Indian and Alaska Native alone,101,Georgia,Dodge
All races,20605,Georgia,Dodge
White alone,13779,Georgia,Dodge
Black alone,6292,Georgia,Dodge
Asian alone,105,Georgia,Dodge
Native Hawaiian and Other Pacific Islander alone,38,Georgia,Dodge
Two or more races,290,Georgia,Dodge
White alone or in combination,14049,Georgia,Dodge
Black alone or in combination,6493,Georgia,Dodge
American Indian and Alaska Native alone or in combination,175,Georgia,Dodge
Asian alone or in combination,137,Georgia,Dodge
Native Hawaiian and Other Pacific Islander alone or in combination,45,Georgia,Dodge
American Indian and Alaska Native alone,107,Georgia,Jones
All races,28735,Georgia,Jones
White alone,20804,Georgia,Jones
Black alone,7253,Georgia,Jones
Asian alone,174,Georgia,Jones
Native Hawaiian and Other Pacific Islander alone,5,Georgia,Jones
Two or more races,392,Georgia,Jones
White alone or in combination,21154,Georgia,Jones
Black alone or in combination,7497,Georgia,Jones
American Indian and Alaska Native alone or in combination,232,Georgia,Jones
Asian alone or in combination,241,Georgia,Jones
Native Hawaiian and Other Pacific Islander alone or in combination,23,Georgia,Jones
American Indian and Alaska Native alone,1049,Georgia,Muscogee
All races,195769,Georgia,Muscogee
White alone,88496,Georgia,Muscogee
Black alone,93905,Georgia,Muscogee
Asian alone,5578,Georgia,Muscogee
Native Hawaiian and Other Pacific Islander alone,482,Georgia,Muscogee
Two or more races,6259,Georgia,Muscogee
White alone or in combination,93770,Georgia,Muscogee
Black alone or in combination,98111,Georgia,Muscogee
American Indian and Alaska Native alone or in combination,2552,Georgia,Muscogee
Asian alone or in combination,7581,Georgia,Muscogee
Native Hawaiian and Other Pacific Islander alone or in combination,875,Georgia,Muscogee
American Indian and Alaska Native alone,49,Georgia,Pulaski
All races,11137,Georgia,Pulaski
White alone,7196,Georgia,Pulaski
Black alone,3562,Georgia,Pulaski
Asian alone,129,Georgia,Pulaski
Black alone or in combination,3699,Georgia,Pulaski
Native Hawaiian and Other Pacific Islander alone,9,Georgia,Pulaski
Two or more races,192,Georgia,Pulaski
White alone or in combination,7370,Georgia,Pulaski
American Indian and Alaska Native alone or in combination,96,Georgia,Pulaski
Asian alone or in combination,160,Georgia,Pulaski
Native Hawaiian and Other Pacific Islander alone or in combination,12,Georgia,Pulaski
Native Hawaiian and Other Pacific Islander alone,50,Georgia,Putnam
All races,22119,Georgia,Putnam
White alone,15731,Georgia,Putnam
Black alone,5822,Georgia,Putnam
American Indian and Alaska Native alone,117,Georgia,Putnam
Asian alone,133,Georgia,Putnam
Two or more races,266,Georgia,Putnam
White alone or in combination,15966,Georgia,Putnam
Black alone or in combination,5998,Georgia,Putnam
American Indian and Alaska Native alone or in combination,201,Georgia,Putnam
Asian alone or in combination,168,Georgia,Putnam
Native Hawaiian and Other Pacific Islander alone or in combination,61,Georgia,Putnam
American Indian and Alaska Native alone,57,Georgia,Stewart
All races,6621,Georgia,Stewart
White alone,3025,Georgia,Stewart
Black alone,3209,Georgia,Stewart
Asian alone,214,Georgia,Stewart
Native Hawaiian and Other Pacific Islander alone,1,Georgia,Stewart
Two or more races,115,Georgia,Stewart
Asian alone or in combination,246,Georgia,Stewart
White alone or in combination,3118,Georgia,Stewart
Black alone or in combination,3268,Georgia,Stewart
American Indian and Alaska Native alone or in combination,102,Georgia,Stewart
Native Hawaiian and Other Pacific Islander alone or in combination,7,Georgia,Stewart
American Indian and Alaska Native alone,157,Georgia,Sumter
All races,29524,Georgia,Sumter
White alone,12925,Georgia,Sumter
Black alone,15620,Georgia,Sumter
Asian alone,407,Georgia,Sumter
Native Hawaiian and Other Pacific Islander alone,62,Georgia,Sumter
Two or more races,353,Georgia,Sumter
White alone or in combination,13229,Georgia,Sumter
Black alone or in combination,15835,Georgia,Sumter
American Indian and Alaska Native alone or in combination,274,Georgia,Sumter
Asian alone or in combination,486,Georgia,Sumter
Native Hawaiian and Other Pacific Islander alone or in combination,82,Georgia,Sumter
American Indian and Alaska Native alone,46,Georgia,Turner
All races,7985,Georgia,Turner
White alone,4545,Georgia,Turner
Black alone,3194,Georgia,Turner
Asian alone,78,Georgia,Turner
Native Hawaiian and Other Pacific Islander alone,14,Georgia,Turner
Two or more races,108,Georgia,Turner
White alone or in combination,4648,Georgia,Turner
Black alone or in combination,3265,Georgia,Turner
American Indian and Alaska Native alone or in combination,74,Georgia,Turner
Asian alone or in combination,94,Georgia,Turner
Native Hawaiian and Other Pacific Islander alone or in combination,16,Georgia,Turner
American Indian and Alaska Native alone,23,Georgia,Irwin
All races,9416,Georgia,Irwin
White alone,6578,Georgia,Irwin
Black alone,2621,Georgia,Irwin
Two or more races,191,Georgia,Atkinson
All races,8165,Georgia,Atkinson
White alone,6253,Georgia,Atkinson
Black alone,1418,Georgia,Atkinson
American Indian and Alaska Native alone,132,Georgia,Atkinson
Asian alone,82,Georgia,Atkinson
Native Hawaiian and Other Pacific Islander alone,89,Georgia,Atkinson
White alone or in combination,6436,Georgia,Atkinson
Black alone or in combination,1541,Georgia,Atkinson
American Indian and Alaska Native alone or in combination,191,Georgia,Atkinson
Asian alone or in combination,99,Georgia,Atkinson
Native Hawaiian and Other Pacific Islander alone or in combination,92,Georgia,Atkinson
Asian alone,83,Georgia,Irwin
Native Hawaiian and Other Pacific Islander alone,2,Georgia,Irwin
Two or more races,109,Georgia,Irwin
White alone or in combination,6671,Georgia,Irwin
Black alone or in combination,2686,Georgia,Irwin
American Indian and Alaska Native alone or in combination,65,Georgia,Irwin
Asian alone or in combination,99,Georgia,Irwin
Native Hawaiian and Other Pacific Islander alone or in combination,8,Georgia,Irwin
American Indian and Alaska Native alone,105,Georgia,Appling
All races,18386,Georgia,Appling
White alone,14195,Georgia,Appling
Black alone,3595,Georgia,Appling
Asian alone,153,Georgia,Appling
Native Hawaiian and Other Pacific Islander alone,40,Georgia,Appling
Two or more races,298,Georgia,Appling
White alone or in combination,14479,Georgia,Appling
Black alone or in combination,3811,Georgia,Appling
American Indian and Alaska Native alone or in combination,176,Georgia,Appling
Asian alone or in combination,177,Georgia,Appling
Native Hawaiian and Other Pacific Islander alone or in combination,46,Georgia,Appling
American Indian and Alaska Native alone or in combination,221,Georgia,Meriwether
All races,117406,Georgia,Lowndes
White alone,67569,Georgia,Lowndes
Black alone,43896,Georgia,Lowndes
American Indian and Alaska Native alone,544,Georgia,Lowndes
Asian alone,2550,Georgia,Lowndes
Native Hawaiian and Other Pacific Islander alone,189,Georgia,Lowndes
Two or more races,2658,Georgia,Lowndes
White alone or in combination,69842,Georgia,Lowndes
Black alone or in combination,45475,Georgia,Lowndes
American Indian and Alaska Native alone or in combination,1252,Georgia,Lowndes
Asian alone or in combination,3465,Georgia,Lowndes
Native Hawaiian and Other Pacific Islander alone or in combination,370,Georgia,Lowndes
All races,21167,Georgia,Meriwether
White alone,12389,Georgia,Meriwether
Black alone,8151,Georgia,Meriwether
American Indian and Alaska Native alone,114,Georgia,Meriwether
Asian alone,133,Georgia,Meriwether
Native Hawaiian and Other Pacific Islander alone,9,Georgia,Meriwether
Two or more races,371,Georgia,Meriwether
White alone or in combination,12724,Georgia,Meriwether
Black alone or in combination,8410,Georgia,Meriwether
Asian alone or in combination,170,Georgia,Meriwether
Native Hawaiian and Other Pacific Islander alone or in combination,21,Georgia,Meriwether
American Indian and Alaska Native alone,15,Georgia,Baker
All races,3038,Georgia,Baker
White alone,1607,Georgia,Baker
Black alone,1338,Georgia,Baker
Asian alone,35,Georgia,Baker
Native Hawaiian and Other Pacific Islander alone,2,Georgia,Baker
Two or more races,41,Georgia,Baker
White alone or in combination,1645,Georgia,Baker
Black alone or in combination,1365,Georgia,Baker
American Indian and Alaska Native alone or in combination,25,Georgia,Baker
Asian alone or in combination,42,Georgia,Baker
Native Hawaiian and Other Pacific Islander alone or in combination,2,Georgia,Baker
American Indian and Alaska Native alone,103,Georgia,Burke
All races,22383,Georgia,Burke
White alone,11267,Georgia,Burke
Black alone,10502,Georgia,Burke
Asian alone,125,Georgia,Burke
Native Hawaiian and Other Pacific Islander alone,26,Georgia,Burke
Two or more races,360,Georgia,Burke
White alone or in combination,11591,Georgia,Burke
Black alone or in combination,10727,Georgia,Burke
American Indian and Alaska Native alone or in combination,211,Georgia,Burke
Asian alone or in combination,175,Georgia,Burke
Native Hawaiian and Other Pacific Islander alone or in combination,44,Georgia,Burke
American Indian and Alaska Native alone,91,Georgia,Butts
All races,24936,Georgia,Butts
White alone,17076,Georgia,Butts
Black alone,7199,Georgia,Butts
Asian alone,180,Georgia,Butts
Native Hawaiian and Other Pacific Islander alone,6,Georgia,Butts
Two or more races,384,Georgia,Butts
White alone or in combination,17417,Georgia,Butts
Black alone or in combination,7420,Georgia,Butts
American Indian and Alaska Native alone or in combination,212,Georgia,Butts
Asian alone or in combination,248,Georgia,Butts
Native Hawaiian and Other Pacific Islander alone or in combination,26,Georgia,Butts
American Indian and Alaska Native alone,297,Georgia,Catoosa
All races,67580,Georgia,Catoosa
White alone,62949,Georgia,Catoosa
Black alone,1973,Georgia,Catoosa
Asian alone,951,Georgia,Catoosa
Native Hawaiian and Other Pacific Islander alone,108,Georgia,Catoosa
Two or more races,1302,Georgia,Catoosa
White alone or in combination,64168,Georgia,Catoosa
Native Hawaiian and Other Pacific Islander alone or in combination,147,Georgia,Catoosa
Black alone or in combination,2612,Georgia,Catoosa
American Indian and Alaska Native alone or in combination,759,Georgia,Catoosa
Asian alone or in combination,1210,Georgia,Catoosa
Asian alone,320,Georgia,Chattahoochee
All races,119992,Georgia,Carroll
White alone,91712,Georgia,Carroll
All races,10907,Georgia,Chattahoochee
White alone,7669,Georgia,Chattahoochee
Black alone,2120,Georgia,Chattahoochee
American Indian and Alaska Native alone,155,Georgia,Chattahoochee
Native Hawaiian and Other Pacific Islander alone,129,Georgia,Chattahoochee
Two or more races,514,Georgia,Chattahoochee
White alone or in combination,8103,Georgia,Chattahoochee
Black alone or in combination,2372,Georgia,Chattahoochee
American Indian and Alaska Native alone or in combination,289,Georgia,Chattahoochee
Asian alone or in combination,509,Georgia,Chattahoochee
Native Hawaiian and Other Pacific Islander alone or in combination,172,Georgia,Chattahoochee
Black alone,23610,Georgia,Carroll
American Indian and Alaska Native alone,653,Georgia,Carroll
Asian alone,1206,Georgia,Carroll
Native Hawaiian and Other Pacific Islander alone,96,Georgia,Carroll
Two or more races,2715,Georgia,Carroll
White alone or in combination,94217,Georgia,Carroll
Black alone or in combination,25527,Georgia,Carroll
American Indian and Alaska Native alone or in combination,1242,Georgia,Carroll
Asian alone or in combination,1616,Georgia,Carroll
Native Hawaiian and Other Pacific Islander alone or in combination,210,Georgia,Carroll
American Indian and Alaska Native alone,115,Georgia,Chattooga
All races,24789,Georgia,Chattooga
White alone,21514,Georgia,Chattooga
Black alone,2426,Georgia,Chattooga
Asian alone,141,Georgia,Chattooga
Native Hawaiian and Other Pacific Islander alone,81,Georgia,Chattooga
Two or more races,512,Georgia,Chattooga
White alone or in combination,21982,Georgia,Chattooga
Black alone or in combination,2764,Georgia,Chattooga
American Indian and Alaska Native alone or in combination,263,Georgia,Chattooga
Asian alone or in combination,197,Georgia,Chattooga
Native Hawaiian and Other Pacific Islander alone or in combination,103,Georgia,Chattooga
American Indian and Alaska Native alone,675,Georgia,Columbia
All races,258773,Georgia,Cherokee
White alone,226203,Georgia,Cherokee
Black alone,19914,Georgia,Cherokee
All races,156714,Georgia,Columbia
White alone,114330,Georgia,Columbia
Black alone,29447,Georgia,Columbia
Asian alone,6783,Georgia,Columbia
Native Hawaiian and Other Pacific Islander alone,295,Georgia,Columbia
Two or more races,5184,Georgia,Columbia
White alone or in combination,119041,Georgia,Columbia
Black alone or in combination,32009,Georgia,Columbia
American Indian and Alaska Native alone or in combination,1730,Georgia,Columbia
Asian alone or in combination,8941,Georgia,Columbia
Native Hawaiian and Other Pacific Islander alone or in combination,525,Georgia,Columbia
American Indian and Alaska Native alone,1359,Georgia,Cherokee
Asian alone,5377,Georgia,Cherokee
Native Hawaiian and Other Pacific Islander alone,249,Georgia,Cherokee
Two or more races,5671,Georgia,Cherokee
White alone or in combination,231401,Georgia,Cherokee
Black alone or in combination,22744,Georgia,Cherokee
American Indian and Alaska Native alone or in combination,2853,Georgia,Cherokee
Asian alone or in combination,7242,Georgia,Cherokee
Native Hawaiian and Other Pacific Islander alone or in combination,508,Georgia,Cherokee
American Indian and Alaska Native alone,218,Georgia,Decatur
All races,26404,Georgia,Decatur
White alone,14312,Georgia,Decatur
Black alone,11272,Georgia,Decatur
Asian alone,175,Georgia,Decatur
Native Hawaiian and Other Pacific Islander alone,41,Georgia,Decatur
Two or more races,386,Georgia,Decatur
White alone or in combination,14658,Georgia,Decatur
Black alone or in combination,11495,Georgia,Decatur
American Indian and Alaska Native alone or in combination,353,Georgia,Decatur
Asian alone or in combination,230,Georgia,Decatur
Native Hawaiian and Other Pacific Islander alone or in combination,56,Georgia,Decatur
American Indian and Alaska Native alone,762,Georgia,Floyd
All races,98498,Georgia,Floyd
White alone,79162,Georgia,Floyd
Black alone,14727,Georgia,Floyd
Asian alone,1572,Georgia,Floyd
Native Hawaiian and Other Pacific Islander alone,267,Georgia,Floyd
Two or more races,2008,Georgia,Floyd
White alone or in combination,81021,Georgia,Floyd
Black alone or in combination,15928,Georgia,Floyd
American Indian and Alaska Native alone or in combination,1365,Georgia,Floyd
Asian alone or in combination,1927,Georgia,Floyd
Native Hawaiian and Other Pacific Islander alone or in combination,327,Georgia,Floyd
American Indian and Alaska Native alone,525,Georgia,Fayette
All races,114421,Georgia,Fayette
White alone,76288,Georgia,Fayette
Black alone,28899,Georgia,Fayette
Asian alone,5853,Georgia,Fayette
Native Hawaiian and Other Pacific Islander alone,131,Georgia,Fayette
Two or more races,2725,Georgia,Fayette
White alone or in combination,78582,Georgia,Fayette
Black alone or in combination,30387,Georgia,Fayette
American Indian and Alaska Native alone or in combination,1254,Georgia,Fayette
Asian alone or in combination,6859,Georgia,Fayette
Native Hawaiian and Other Pacific Islander alone or in combination,277,Georgia,Fayette
American Indian and Alaska Native alone,483,Georgia,Habersham
All races,45328,Georgia,Habersham
White alone,41088,Georgia,Habersham
Black alone,1768,Georgia,Habersham
Asian alone,1055,Georgia,Habersham
Native Hawaiian and Other Pacific Islander alone,138,Georgia,Habersham
Two or more races,796,Georgia,Habersham
White alone or in combination,41823,Georgia,Habersham
Black alone or in combination,2170,Georgia,Habersham
American Indian and Alaska Native alone or in combination,784,Georgia,Habersham
Asian alone or in combination,1213,Georgia,Habersham
Native Hawaiian and Other Pacific Islander alone or in combination,160,Georgia,Habersham
American Indian and Alaska Native alone,1733,Georgia,Hall
All races,204441,Georgia,Hall
White alone,177923,Georgia,Hall
Black alone,16578,Georgia,Hall
Asian alone,4329,Georgia,Hall
Native Hawaiian and Other Pacific Islander alone,370,Georgia,Hall
Two or more races,3508,Georgia,Hall
White alone or in combination,181187,Georgia,Hall
Black alone or in combination,18385,Georgia,Hall
American Indian and Alaska Native alone or in combination,2976,Georgia,Hall
Asian alone or in combination,5141,Georgia,Hall
Native Hawaiian and Other Pacific Islander alone or in combination,503,Georgia,Hall
American Indian and Alaska Native alone,1743,Georgia,Clayton
All races,292256,Georgia,Clayton
White alone,55855,Georgia,Clayton
Black alone,212619,Georgia,Clayton
Asian alone,14687,Georgia,Clayton
Native Hawaiian and Other Pacific Islander alone,331,Georgia,Clayton
Two or more races,7021,Georgia,Clayton
White alone or in combination,61142,Georgia,Clayton
Black alone or in combination,218263,Georgia,Clayton
American Indian and Alaska Native alone or in combination,3811,Georgia,Clayton
Asian alone or in combination,16074,Georgia,Clayton
Native Hawaiian and Other Pacific Islander alone or in combination,784,Georgia,Clayton
American Indian and Alaska Native alone,34,Georgia,Candler
All races,10803,Georgia,Candler
White alone,7784,Georgia,Candler
Black alone,2691,Georgia,Candler
Asian alone,123,Georgia,Candler
Native Hawaiian and Other Pacific Islander alone,15,Georgia,Candler
Two or more races,156,Georgia,Candler
White alone or in combination,7931,Georgia,Candler
Black alone or in combination,2787,Georgia,Candler
American Indian and Alaska Native alone or in combination,83,Georgia,Candler
Asian alone or in combination,141,Georgia,Candler
Native Hawaiian and Other Pacific Islander alone or in combination,17,Georgia,Candler
Asian alone,834,Georgia,Camden
All races,54666,Georgia,Camden
White alone,41019,Georgia,Camden
Black alone,10492,Georgia,Camden
American Indian and Alaska Native alone,377,Georgia,Camden
Native Hawaiian and Other Pacific Islander alone,117,Georgia,Camden
Two or more races,1827,Georgia,Camden
White alone or in combination,42629,Georgia,Camden
Black alone or in combination,11487,Georgia,Camden
American Indian and Alaska Native alone or in combination,819,Georgia,Camden
Asian alone or in combination,1401,Georgia,Camden
Native Hawaiian and Other Pacific Islander alone or in combination,238,Georgia,Camden
American Indian and Alaska Native alone,87,Georgia,Crawford
All races,12404,Georgia,Crawford
White alone,9387,Georgia,Crawford
Black alone,2583,Georgia,Crawford
Asian alone,167,Georgia,Crawford
Native Hawaiian and Other Pacific Islander alone,9,Georgia,Crawford
Two or more races,171,Georgia,Crawford
White alone or in combination,9544,Georgia,Crawford
Black alone or in combination,2672,Georgia,Crawford
American Indian and Alaska Native alone or in combination,164,Georgia,Crawford
Asian alone or in combination,188,Georgia,Crawford
Native Hawaiian and Other Pacific Islander alone or in combination,11,Georgia,Crawford
American Indian and Alaska Native alone,235,Georgia,Coffee
All races,22372,Georgia,Crisp
White alone,11667,Georgia,Crisp
Black alone,10012,Georgia,Crisp
American Indian and Alaska Native alone,75,Georgia,Crisp
Asian alone,296,Georgia,Crisp
All races,43273,Georgia,Coffee
White alone,29521,Georgia,Coffee
Black alone,12469,Georgia,Coffee
Native Hawaiian and Other Pacific Islander alone,19,Georgia,Crisp
Two or more races,303,Georgia,Crisp
White alone or in combination,11948,Georgia,Crisp
Black alone or in combination,10204,Georgia,Crisp
American Indian and Alaska Native alone or in combination,156,Georgia,Crisp
Asian alone or in combination,344,Georgia,Crisp
Native Hawaiian and Other Pacific Islander alone or in combination,26,Georgia,Crisp
Two or more races,591,Georgia,Colquitt
All races,45600,Georgia,Colquitt
White alone,33152,Georgia,Colquitt
Black alone,10833,Georgia,Colquitt
American Indian and Alaska Native alone,546,Georgia,Colquitt
Asian alone,398,Georgia,Colquitt
Native Hawaiian and Other Pacific Islander alone,80,Georgia,Colquitt
White alone or in combination,33678,Georgia,Colquitt
Black alone or in combination,11152,Georgia,Colquitt
American Indian and Alaska Native alone or in combination,763,Georgia,Colquitt
Asian alone or in combination,496,Georgia,Colquitt
Native Hawaiian and Other Pacific Islander alone or in combination,111,Georgia,Colquitt
Asian alone,383,Georgia,Coffee
Native Hawaiian and Other Pacific Islander alone,25,Georgia,Coffee
Two or more races,640,Georgia,Coffee
White alone or in combination,30102,Georgia,Coffee
Black alone or in combination,12903,Georgia,Coffee
American Indian and Alaska Native alone or in combination,402,Georgia,Coffee
Asian alone or in combination,462,Georgia,Coffee
Native Hawaiian and Other Pacific Islander alone or in combination,54,Georgia,Coffee
American Indian and Alaska Native alone,633,Georgia,Coweta
All races,148509,Georgia,Coweta
White alone,113989,Georgia,Coweta
Black alone,27385,Georgia,Coweta
Asian alone,3319,Georgia,Coweta
Native Hawaiian and Other Pacific Islander alone,156,Georgia,Coweta
Two or more races,3027,Georgia,Coweta
White alone or in combination,116742,Georgia,Coweta
Black alone or in combination,28920,Georgia,Coweta
American Indian and Alaska Native alone or in combination,1526,Georgia,Coweta
Asian alone or in combination,4229,Georgia,Coweta
Native Hawaiian and Other Pacific Islander alone or in combination,305,Georgia,Coweta
Native Hawaiian and Other Pacific Islander alone,11,Georgia,Cook
All races,17270,Georgia,Cook
White alone,11988,Georgia,Cook
Black alone,4817,Georgia,Cook
American Indian and Alaska Native alone,74,Georgia,Cook
Asian alone,125,Georgia,Cook
Two or more races,255,Georgia,Cook
White alone or in combination,12219,Georgia,Cook
Black alone or in combination,4973,Georgia,Cook
American Indian and Alaska Native alone or in combination,149,Georgia,Cook
Asian alone or in combination,166,Georgia,Cook
Native Hawaiian and Other Pacific Islander alone or in combination,20,Georgia,Cook
American Indian and Alaska Native alone,99,Georgia,Dade
All races,16116,Georgia,Dade
White alone,15363,Georgia,Dade
Black alone,226,Georgia,Dade
Asian alone,170,Georgia,Dade
Native Hawaiian and Other Pacific Islander alone,11,Georgia,Dade
American Indian and Alaska Native alone or in combination,226,Georgia,Dade
Two or more races,247,Georgia,Dade
White alone or in combination,15582,Georgia,Dade
Black alone or in combination,322,Georgia,Dade
Asian alone or in combination,222,Georgia,Dade
Native Hawaiian and Other Pacific Islander alone or in combination,16,Georgia,Dade
American Indian and Alaska Native alone,122,Georgia,Dawson
All races,26108,Georgia,Dawson
White alone,25042,Georgia,Dawson
Black alone,296,Georgia,Dawson
White alone or in combination,25401,Georgia,Dawson
Asian alone,242,Georgia,Dawson
Native Hawaiian and Other Pacific Islander alone,16,Georgia,Dawson
Two or more races,390,Georgia,Dawson
Black alone or in combination,465,Georgia,Dawson
American Indian and Alaska Native alone or in combination,294,Georgia,Dawson
Asian alone or in combination,317,Georgia,Dawson
Native Hawaiian and Other Pacific Islander alone or in combination,24,Georgia,Dawson
American Indian and Alaska Native alone,382,Georgia,Walton
All races,94593,Georgia,Walton
White alone,73003,Georgia,Walton
Black alone,17842,Georgia,Walton
Asian alone,1609,Georgia,Walton
Native Hawaiian and Other Pacific Islander alone,115,Georgia,Walton
Two or more races,1642,Georgia,Walton
White alone or in combination,74496,Georgia,Walton
Native Hawaiian and Other Pacific Islander alone or in combination,210,Georgia,Walton
Black alone or in combination,18748,Georgia,Walton
American Indian and Alaska Native alone or in combination,856,Georgia,Walton
Asian alone or in combination,2016,Georgia,Walton
Native Hawaiian and Other Pacific Islander alone,33,Georgia,Brooks
All races,15457,Georgia,Brooks
White alone,9493,Georgia,Brooks
Black alone,5446,Georgia,Brooks
American Indian and Alaska Native alone,68,Georgia,Brooks
Asian alone,164,Georgia,Brooks
Two or more races,253,Georgia,Brooks
White alone or in combination,9720,Georgia,Brooks
Black alone or in combination,5573,Georgia,Brooks
American Indian and Alaska Native alone or in combination,157,Georgia,Brooks
Asian alone or in combination,212,Georgia,Brooks
Native Hawaiian and Other Pacific Islander alone or in combination,53,Georgia,Brooks
